X,Y,ExtractDate,Week,TotalweeklyVaccines,Male,Female,NA,Moderna,Pfizer,Janssen,AstraZeneca,Partial_Age0to9,Partial_Age10to19,Partial_Age20to29,Partial_Age30to39,Partial_Age40to49,Partial_Age50to59,Partial_Age60to69,Partial_Age70to79,Partial_Age80_,Partial_NA,ParCum_Age0to9,ParCum_Age10to19,ParCum_Age20to29,ParCum_Age30to39,ParCum_Age40to49,ParCum_Age50to59,ParCum_Age60to69,ParCum_Age70to79,ParCum_80_,ParCum_NA,ParPer_Age0to9,ParPer_Age10to19,ParPer_Age20to29,ParPer_Age30to39,ParPer_Age40to49,ParPer_Age50to59,ParPer_Age60to69,ParPer_Age70to79,ParPer_80_,ParPer_NA,Fully_Age0to9,Fully_Age10to19,Fully_Age20to29,Fully_Age30to39,Fully_Age40to49,Fully_Age50to59,Fully_Age60to69,Fully_Age70to79,Fully_Age80_,Fully_NA,FullyCum_Age0to9,FullyCum_Age10to19,FullyCum_Age20to29,FullyCum_Age30to39,FullyCum_Age40to49,FullyCum_Age50to59,FullyCum_Age60to69,FullyCum_Age70to79,FullyCum_80_,FullyCum_NA,FullyPer_Age0to9,FullyPer_Age10to19,FullyPer_Age20to29,FullyPer_Age30to39,FullyPer_Age40to49,FullyPer_Age50to59,FullyPer_Age60to69,FullyPer_Age70to79,FullyPer_80_,FullyPer_NA,ObjectId
-856336.314876336,7036491.65084485,2024/05/12 23:00:00+00,2020-W53,4076,1304,2772,0,10,4052,0,12,1,2,493,1228,1005,872,406,34,25,0,1,2,493,1228,1005,872,406,34,25,0,1.28079839848968e-06,3.61842938454135e-06,0.000797196713544421,0.00178592983971716,0.00128162619873495,0.00137276571360203,0.000799015990159902,9.71675654666472e-05,0.000136376530144668,,,,,,,,,,,,,,,,,,,,,,,,,,,,,,,,1
-856336.314876336,7036491.65084485,2024/05/12 23:00:00+00,2021-W01,44220,11846,32374,0,28,44148,1,43,0,4,4486,10318,11622,10625,5685,508,896,2,1,6,4979,11546,12627,11497,6091,542,921,2,1.28079839848968e-06,1.0855288153624e-05,0.00805120169723665,0.0167918126460703,0.0161025811058968,0.0180994121666084,0.0119872078720787,0.00154896530832126,0.00502411137052958,Inf,0,2,11,29,9,7,5,3,9,0,0,2,11,29,9,7,5,3,9,0,0,3.61842938454135e-06,1.77873506064678e-05,4.21758675503238e-05,1.147724954091e-05,1.10199082513924e-05,9.84009840098401e-06,8.57360871764534e-06,4.90955508520806e-05,,2
-856336.314876336,7036491.65084485,2024/05/12 23:00:00+00,2021-W02,53145,14057,39088,0,1946,51118,1,80,3,9,4129,8743,11767,12057,8054,2342,5978,6,4,15,9108,20289,24394,23554,14145,2884,6899,8,5.12319359395873e-06,2.71382203840601e-05,0.0147279263021553,0.0295071095423627,0.0311084472556621,0.0370804169933282,0.0278376383763838,0.00824209584722972,0.0376344672587226,Inf,1,0,9,25,9,6,4,2,2,0,1,2,20,54,18,13,9,5,11,0,1.28079839848968e-06,3.61842938454135e-06,3.23406374663051e-05,7.85343740592236e-05,2.295449908182e-05,2.04655438954431e-05,1.77121771217712e-05,1.42893478627422e-05,6.0005673263654e-05,,3
-856336.314876336,7036491.65084485,2024/05/12 23:00:00+00,2021-W03,50222,14964,35258,0,51,50000,1,169,0,11,3314,6304,7575,8181,6197,3616,11602,8,4,26,12422,26593,31969,31735,20342,6500,18501,16,5.12319359395873e-06,4.70395819990375e-05,0.0200867699303221,0.0386752705436469,0.0407684656192614,0.0499595411939913,0.0400334563345633,0.0185761522215649,0.10092408736826,Inf,0,0,394,985,851,773,375,25,12,0,1,2,414,1039,869,786,384,30,23,0,1.28079839848968e-06,3.61842938454135e-06,0.000669451195552516,0.00151105953050988,0.00110819220567231,0.00123737826937064,0.000755719557195572,8.57360871764534e-05,0.000125466407733095,,4
-856336.314876336,7036491.65084485,2024/05/12 23:00:00+00,2021-W04,51949,15066,36883,0,35,51652,1,261,0,2,834,1430,1723,1608,1495,1361,691,1,4,28,13256,28023,33692,33343,21837,7861,19192,17,5.12319359395873e-06,5.06580113835788e-05,0.021435374512667,0.040754977115956,0.0429657212813711,0.0524909715465969,0.0429756457564576,0.0224657127098034,0.104693534661459,Inf,0,2,4291,9894,11374,10384,5577,495,785,2,1,4,4705,10933,12243,11170,5961,525,808,2,1.28079839848968e-06,7.23685876908269e-06,0.00760813496394827,0.0159003020664721,0.0156128851254846,0.0175846250240077,0.0117313653136531,0.00150038152558794,0.00440768945427568,Inf,5
-856336.314876336,7036491.65084485,2024/05/12 23:00:00+00,2021-W05,56901,14810,42090,1,67,56494,3,336,0,4,1129,2002,2114,2048,1337,417,378,0,4,32,14385,30025,35806,35391,23174,8278,19570,17,5.12319359395873e-06,5.78948701526615e-05,0.0232610034976399,0.0436665663171887,0.045661599673536,0.0557150818464329,0.0456068880688807,0.0236574443215561,0.106755547797246,Inf,0,8,3720,7893,10516,10906,7202,1994,5231,5,1,12,8425,18826,22759,22076,13163,2519,6039,7,1.28079839848968e-06,2.17105763072481e-05,0.013623493532681,0.0273794097414619,0.0290234135890635,0.0347536420796771,0.0259050430504305,0.00719897345324954,0.0329431146217461,Inf,6
-856336.314876336,7036491.65084485,2024/05/12 23:00:00+00,2021-W06,32809,10096,22713,0,2008,15563,5,15233,0,1,2363,4352,5603,5839,4222,1614,2557,6,4,33,16748,34377,41409,41230,27396,9892,22127,23,5.12319359395873e-06,5.97040848449322e-05,0.0270820498142839,0.049995855130258,0.052806825137727,0.0649072596007015,0.0539158671586716,0.0282700458116492,0.120704139300443,Inf,0,0,531,1197,1572,1431,861,282,383,0,1,12,8956,20023,24331,23507,14024,2801,6422,7,1.28079839848968e-06,2.17105763072481e-05,0.0144821374574114,0.0291202550331081,0.0310281065088757,0.0370064261807832,0.02759950799508,0.0080048926727082,0.0350324030635624,Inf,7
-856336.314876336,7036491.65084485,2024/05/12 23:00:00+00,2021-W07,87105,26008,61097,0,1225,63087,10,22782,0,3,3718,5267,6217,6710,4594,1098,16344,0,4,36,20466,39644,47626,47940,31990,10990,38471,23,5.12319359395873e-06,6.51317289217442e-05,0.03309417431927,0.057655865281553,0.0607350540705978,0.0754706287959648,0.0629569495694957,0.0314079866023074,0.209861659647821,Inf,0,9,3116,5845,7212,7741,5859,3191,10183,7,1,21,12072,25868,31543,31248,19883,5992,16605,14,1.28079839848968e-06,3.79935085376841e-05,0.0195208087746618,0.0376208738548888,0.0402252091409916,0.0491928704342159,0.039130135301353,0.0171243544787103,0.0905812913220886,Inf,8
-856336.314876336,7036491.65084485,2024/05/12 23:00:00+00,2021-W08,89377,29066,60311,0,4568,51654,31,33122,0,4,4956,7020,8965,9039,6585,3570,38585,0,4,40,25422,46664,56591,56979,38575,14560,77056,23,5.12319359395873e-06,7.23685876908269e-05,0.0411081842834204,0.0678653339092521,0.0721676698632932,0.0897004788937271,0.0759163591635916,0.0416105809763054,0.420345196273102,Inf,0,5,918,1660,1944,1974,1799,1377,1002,0,1,26,12990,27528,33487,33222,21682,7369,17607,14,1.28079839848968e-06,4.70395819990375e-05,0.0210052440343652,0.0400350786870798,0.0427042950418282,0.0523004845611085,0.0426706027060271,0.0210596408801095,0.0960472626502869,Inf,9
-856336.314876336,7036491.65084485,2024/05/12 23:00:00+00,2021-W09,89335,32228,57105,2,7601,53212,28,28494,0,2,3876,5708,7301,7403,5923,5772,45023,0,4,42,29298,52372,63892,64382,44498,20332,122079,23,5.12319359395873e-06,7.59870170753683e-05,0.0473757998243903,0.0761667081153641,0.0814782697408692,0.101354819005878,0.0875729397293973,0.058106204149055,0.665948416941238,Inf,0,2,899,1665,1797,1801,1178,348,656,1,1,28,13889,29193,35284,35023,22860,7717,18263,15,1.28079839848968e-06,5.06580113835788e-05,0.0224589556884756,0.0424565552205725,0.0449959192001632,0.0551357495269311,0.0449889298892989,0.0220541794913564,0.099625782801283,Inf,10
-856336.314876336,7036491.65084485,2024/05/12 23:00:00+00,2021-W10,92583,34858,57723,2,4108,53562,35,34877,1,10,4958,6694,8657,8787,6973,5798,38359,0,5,52,34256,59066,72549,73169,51471,26130,160438,23,6.40399199244841e-06,9.4079163998075e-05,0.0553930438522874,0.0859020618181871,0.0925181085492757,0.115187952406591,0.10129594095941,0.0746761319306909,0.875199109734011,Inf,0,0,789,1489,1895,2048,1904,1423,2828,0,1,28,14678,30682,37179,37071,24764,9140,21091,15,1.28079839848968e-06,5.06580113835788e-05,0.0237347938365213,0.0446220678682426,0.0474125178534993,0.058359859826767,0.0487360393603936,0.0261209278930928,0.115052695891248,Inf,11
-856336.314876336,7036491.65084485,2024/05/12 23:00:00+00,2021-W11,65829,28368,37461,0,1847,62238,29,1714,0,12,511,750,656,837,961,9613,31173,0,5,64,34767,59816,73205,74006,52432,35743,191611,23,6.40399199244841e-06,0.000115789740305323,0.0562193471395515,0.0869928170134541,0.0933546725158131,0.116505618578936,0.103187207872079,0.102148832131599,1,Inf,0,1,504,943,905,1033,940,805,16212,0,1,29,15182,31625,38084,38104,25704,9945,37303,15,1.28079839848968e-06,5.24672260758495e-05,0.0245497779006722,0.0459935107337583,0.0485666190573352,0.0599860834301511,0.0505859778597786,0.0284215128989943,0.203490148159462,Inf,12
-856336.314876336,7036491.65084485,2024/05/12 23:00:00+00,2021-W12,134679,57725,76951,3,8115,86945,22,39596,0,91,5221,6533,8400,9854,9877,23700,26144,1,5,155,39988,66349,81605,83860,62309,59443,217755,24,6.40399199244841e-06,0.000280428277301954,0.0646618705501304,0.0964940219343598,0.104066772087329,0.132018500851681,0.122625338253383,0.169880341000997,1,Inf,0,1,418,692,700,839,1040,3075,38114,0,1,30,15600,32317,38784,38943,26744,13020,75417,15,1.28079839848968e-06,5.42764407681202e-05,0.025225697223718,0.0469999141939246,0.0494592940216282,0.0613068981477108,0.0526327183271833,0.0372094618345808,0.411404350956818,Inf,13
-856336.314876336,7036491.65084485,2024/05/12 23:00:00+00,2021-W13,141461,65195,76266,0,12989,92039,36,36395,0,67,5155,6137,7612,8764,9677,31777,19404,0,5,222,45143,72486,89217,92624,71986,91220,237159,24,6.40399199244841e-06,0.000401645661684089,0.0729976698570706,0.105419308112165,0.113773974699041,0.145815425982425,0.141669864698647,0.260694862407869,1,Inf,0,1,355,591,520,519,894,5244,44780,0,1,31,15955,32908,39304,39462,27638,18264,120197,15,1.28079839848968e-06,5.60856554603909e-05,0.0257997435387449,0.047859429287795,0.050122423995103,0.0621239456309212,0.0543921279212792,0.0521961298730249,0.655681991751947,Inf,14
-856336.314876336,7036491.65084485,2024/05/12 23:00:00+00,2021-W14,132600,63439,69158,3,8627,92351,83,31538,0,34,3803,4324,6401,8153,10331,50778,5317,0,5,256,48946,76810,95618,100777,82317,141998,242476,24,6.40399199244841e-06,0.000463158961221292,0.0791472420712885,0.111707875397944,0.121936849622526,0.158650470550082,0.16200147601476,0.405811763562735,1,Inf,0,10,267,433,354,429,616,4555,36876,0,1,41,16222,33341,39658,39891,28254,22819,157073,15,1.28079839848968e-06,7.41778023830976e-05,0.0262314910489201,0.0484891586205292,0.0505738624770455,0.0627993085794709,0.0556044280442804,0.065213725775983,0.856842828776539,Inf,15
-856336.314876336,7036491.65084485,2024/05/12 23:00:00+00,2021-W15,157302,76683,80617,2,5026,141803,32,10441,0,42,1241,2039,3472,5310,11213,86983,3312,1,5,298,50187,78849,99090,106087,93530,228981,245788,25,6.40399199244841e-06,0.000539145978296661,0.0811539786260727,0.11467327518881,0.126364517445419,0.167009858095067,0.184068880688807,0.654397832591716,1,Inf,0,12,296,497,443,459,658,10047,31308,0,1,53,16518,33838,40101,40350,28912,32866,188381,15,1.28079839848968e-06,9.58883786903457e-05,0.0267101324834214,0.0492119657299261,0.0511387982044481,0.0635218997062407,0.0568993849938499,0.0939267413713773,1,Inf,16
-856336.314876336,7036491.65084485,2024/05/12 23:00:00+00,2021-W16,190394,93777,96614,3,12726,126110,12,51546,0,528,2745,3750,6923,12266,23774,87579,1188,1,5,826,52932,82599,106013,118353,117304,316560,246976,26,6.40399199244841e-06,0.00149441133581558,0.0855927311183231,0.120127051165145,0.135193072842277,0.186319885896721,0.230856580565806,0.904687191885937,1,Inf,0,80,439,754,804,754,1079,21466,26276,0,1,133,16957,34592,40905,41104,29991,54332,214657,15,1.28079839848968e-06,0.000240625554071999,0.0274200094758068,0.0503085382862345,0.052164099163436,0.0647089012521764,0.0590228782287823,0.155273769615702,1,Inf,17
-856336.314876336,7036491.65084485,2024/05/12 23:00:00+00,2021-W17,213426,104512,108910,4,14667,118897,63,79797,0,85,5574,8765,16358,26867,57677,45803,829,0,5,911,58506,91364,122371,145220,174981,362363,247805,26,6.40399199244841e-06,0.00164819458465858,0.0946060667801823,0.132874343547165,0.156053611507856,0.228615868038173,0.344366051660517,1,1,Inf,0,34,303,441,439,531,922,29601,19260,0,1,167,17260,35033,41344,41635,30913,83933,233917,15,1.28079839848968e-06,0.000302138853609202,0.0279099701334213,0.0509499023410515,0.0527239338910426,0.0655448400066749,0.0608373923739237,0.239869566832709,1,Inf,18
-856336.314876336,7036491.65084485,2024/05/12 23:00:00+00,2021-W18,248367,123716,124647,4,10211,115786,364,122005,0,300,6103,9134,15544,24182,119688,14226,439,2,5,1211,64609,100498,137915,169402,294669,376589,248244,28,6.40399199244841e-06,0.00219095899233978,0.104474812303025,0.146158287485257,0.175876096714956,0.266684928228912,0.579914391143911,1,1,Inf,0,49,397,663,873,1372,2959,47474,5322,0,1,216,17657,35696,42217,43007,33872,131407,239239,15,1.28079839848968e-06,0.000390790373530465,0.0285519317871275,0.0519141299336675,0.0538372270965109,0.0677047420239478,0.0666607626076261,0.375544066919874,1,Inf,19
-856336.314876336,7036491.65084485,2024/05/12 23:00:00+00,2021-W19,325288,163920,161361,7,22770,210662,919,90937,0,398,6521,9550,15302,43795,136783,5270,346,0,5,1609,71130,110048,153217,213197,431452,381859,248590,28,6.40399199244841e-06,0.00291102643986351,0.115019477148914,0.160047236971656,0.195389971434401,0.335630197067445,0.849106027060271,1,1,Inf,0,192,1198,1725,2743,4689,8503,85601,3591,0,1,408,18855,37421,44960,47696,42375,217008,242830,15,1.28079839848968e-06,0.000738159594446435,0.0304891359713591,0.0544228668827816,0.0573352377065905,0.0750865062797734,0.0833948339483395,0.620180560199594,1,Inf,20
-856336.314876336,7036491.65084485,2024/05/12 23:00:00+00,2021-W20,333983,170333,163642,8,42893,245025,29070,16995,0,423,7791,12023,18701,157263,46461,2619,192,0,5,2032,78921,122071,171918,370460,477913,384478,248782,28,6.40399199244841e-06,0.00367632425469401,0.127617772473913,0.177532769921916,0.219238420730463,0.583205030115835,0.940542189421894,1,1,Inf,0,347,2876,4175,7205,39240,16044,46434,1257,1,1,755,21731,41596,52165,86936,58419,263442,244087,16,1.28079839848968e-06,0.00136595709266436,0.0351397196390138,0.0604947374697679,0.0665234135890635,0.136860963391865,0.114969741697417,0.752882875931308,1,Inf,21
-856336.314876336,7036491.65084485,2024/05/12 23:00:00+00,2021-W21,308736,144058,164668,10,27450,198074,27591,55620,0,422,9863,14099,24269,114017,12584,2056,193,0,5,2454,88784,136170,196187,484477,490497,386534,248975,28,6.40399199244841e-06,0.00443981285483223,0.143566557840422,0.198037513252676,0.250187461742502,0.762698869987122,0.965307749077491,1,1,Inf,0,99,11794,18035,28484,62517,26327,10736,831,0,1,854,33525,59631,80649,149453,84746,274178,244918,16,1.28079839848968e-06,0.00154506934719915,0.0542109935528939,0.0867237640652882,0.102847633136095,0.235279763985051,0.166781795817958,0.783564963662188,1,Inf,22
-856336.314876336,7036491.65084485,2024/05/12 23:00:00+00,2021-W22,280795,134886,145903,6,45100,184819,13497,37376,0,453,9615,12507,56134,86463,6920,1391,156,0,5,2907,98399,148677,252321,570940,497417,387925,249131,28,6.40399199244841e-06,0.00525938711043085,0.159114319302348,0.216226946888948,0.321772342379106,0.898815202435715,0.978926445264453,1,1,Inf,0,322,11231,15745,24718,43184,21109,3862,478,1,1,1176,44756,75376,105367,192637,105855,278040,245396,17,1.28079839848968e-06,0.00212763647811031,0.0723718785220975,0.109622351464593,0.13436926137523,0.303263152260498,0.208324723247232,0.79460205595137,1,Inf,23
-856336.314876336,7036491.65084485,2024/05/12 23:00:00+00,2021-W23,293711,146612,147085,14,38178,234504,744,20285,0,407,8669,12354,121814,19546,2824,711,94,1,5,3314,107068,161031,374135,590486,500241,388636,249225,29,6.40399199244841e-06,0.00599573749018501,0.173132368612118,0.234193866465386,0.477115639665374,0.929585934818817,0.984484132841328,1,1,Inf,0,419,8504,11383,18464,36171,49496,3244,353,0,1,1595,53260,86759,123831,228808,155351,281284,245749,17,1.28079839848968e-06,0.00288569743417172,0.0861231175727705,0.126177106648226,0.157915476433381,0.360206166740657,0.305733825338253,0.803872984844718,1,Inf,24
-856336.314876336,7036491.65084485,2024/05/12 23:00:00+00,2021-W24,360969,178990,181972,7,46456,229978,2845,81689,0,1087,8406,11648,63957,7478,2389,709,110,0,5,4401,115474,172679,438092,597964,502630,389345,249335,29,6.40399199244841e-06,0.00796235386068323,0.186725138539206,0.251134021818013,0.558676800652928,0.941358345376519,0.989185731857319,1,1,Inf,0,360,14846,20789,31496,123794,57011,19384,349,0,1,1955,68106,107548,155327,352602,212362,300668,246098,17,1.28079839848968e-06,0.00353701472338917,0.110129572764009,0.156411386320766,0.19808074882677,0.555091669893926,0.417932595325953,0.859269928638997,1,Inf,25
-856336.314876336,7036491.65084485,2024/05/12 23:00:00+00,2021-W25,374142,190101,184033,8,29002,223296,4754,117090,0,468,9991,16866,70762,5595,2930,802,122,0,5,4869,125465,189545,508854,603559,505560,390147,249457,29,6.40399199244841e-06,0.00880906633666591,0.202880903985498,0.275662924649177,0.648916037543358,0.950166400614596,0.994952029520295,1,1,Inf,0,439,15136,19560,31028,100913,52419,51546,318,0,1,2394,83242,127108,186355,453515,264781,352214,246416,17,1.28079839848968e-06,0.00433125997329599,0.134604967198508,0.18485828181333,0.237649204244032,0.713956241518606,0.521094218942189,1,1,Inf,26
-856336.314876336,7036491.65084485,2024/05/12 23:00:00+00,2021-W26,375361,193222,182131,8,53976,218646,3965,98774,1,518,11429,28359,79115,3729,2122,583,100,2,6,5387,136894,217904,587969,607288,507682,390730,249557,31,7.68479039093809e-06,0.00974623954726212,0.221361961265618,0.316906560092612,0.749807437257702,0.956036863167373,0.999128167281673,1,1,Inf,0,420,10552,13585,46316,87359,71367,23522,246,1,1,2814,93794,140693,232671,540874,336148,375736,246662,18,1.28079839848968e-06,0.00509113014404967,0.151667887525731,0.204615494250266,0.296713680881453,0.851483122223377,0.661545879458795,1,1,Inf,27
-856336.314876336,7036491.65084485,2024/05/12 23:00:00+00,2021-W27,395534,206759,188760,15,29279,219753,33038,113464,0,648,34113,50586,35901,3483,2017,538,100,0,6,6035,171007,268490,623870,610771,509699,391268,249657,31,7.68479039093809e-06,0.0109186106678535,0.276523769560022,0.390475816502981,0.795590185676393,0.961520054658745,1,1,1,Inf,0,1022,28256,24857,94456,38339,105267,8819,166,0,1,3836,122050,165550,327127,579213,441415,384555,246828,18,1.28079839848968e-06,0.0069401475595503,0.197358740138127,0.240766030101935,0.417168690063252,0.911839159716253,0.868713407134071,1,1,Inf,28
-856336.314876336,7036491.65084485,2024/05/12 23:00:00+00,2021-W28,377792,199362,178391,39,42911,224725,49514,60642,0,792,49639,98553,27157,3367,1605,452,79,2,6,6827,220646,367043,651027,614138,511304,391720,249736,33,7.68479039093809e-06,0.0123515087041319,0.356791614719518,0.533805412181845,0.830222148541114,0.966820630527665,1,1,1,Inf,0,445,41618,27701,100333,17025,55346,3038,152,0,1,4281,163668,193251,427460,596238,496761,387593,246980,18,1.28079839848968e-06,0.00774524809761075,0.264656372641761,0.281052709654056,0.545118343195266,0.938641150856247,0.977635424354244,1,1,Inf,29
-856336.314876336,7036491.65084485,2024/05/12 23:00:00+00,2021-W29,340736,181587,159109,40,29485,267610,37615,6024,1,1271,87493,111653,11285,3176,1333,323,83,0,7,8098,308139,478696,662312,617314,512637,392043,249819,33,8.96558878942778e-06,0.0146510205780079,0.498270584411489,0.696186865271373,0.844613344215466,0.971820520328582,1,1,1,Inf,0,476,37956,26530,84723,5963,5220,732,133,0,1,4757,201624,219781,512183,602201,501981,388325,247113,18,1.28079839848968e-06,0.00860643429113159,0.326032434425315,0.319636356761301,0.653161344623546,0.948028538413826,0.987908487084871,1,1,Inf,30
-856336.314876336,7036491.65084485,2024/05/12 23:00:00+00,2021-W30,304873,161568,143251,54,17425,266395,17410,3642,0,12214,103042,34685,6446,2268,1116,296,76,0,7,20312,411181,513381,668758,619582,513753,392339,249895,33,8.96558878942778e-06,0.0367487688294019,0.66489278270164,0.74663065720182,0.852833605386656,0.975390970602033,1,1,1,Inf,1,632,25427,43150,84530,4218,3301,741,136,0,2,5389,227051,262931,596713,606419,505282,389066,247249,18,2.56159679697936e-06,0.00974985797664666,0.367148703868102,0.382391138995662,0.760958222811671,0.954668820271593,0.9944049200492,1,1,Inf,31
-856336.314876336,7036491.65084485,2024/05/12 23:00:00+00,2021-W31,236070,125332,110713,25,18272,209437,6451,1910,0,26575,52398,16022,5644,2280,1086,317,70,0,7,46887,463579,529403,674402,621862,514839,392656,249965,33,8.96558878942778e-06,0.084828649276495,0.749622018799613,0.769932096853244,0.860031116098755,0.978980312146773,1,1,1,Inf,0,595,18429,77105,35142,3791,2332,618,112,1,2,5984,245480,340036,631855,610210,507614,389684,247361,19,2.56159679697936e-06,0.0108263407185477,0.396948984261429,0.494528044770411,0.805773056519078,0.960636887726026,0.998994341943419,1,1,Inf,32
-856336.314876336,7036491.65084485,2024/05/12 23:00:00+00,2021-W32,235636,125028,110587,21,18531,211891,4166,1048,0,33599,20478,10180,4074,1471,693,215,52,0,7,80486,484057,539583,678476,623333,515532,392871,250017,33,8.96558878942778e-06,0.145616453722097,0.782735597501362,0.784737280703668,0.865226484390941,0.981296067152172,1,1,1,Inf,1,831,40646,105352,16886,3199,1589,433,102,0,3,6815,286126,445388,648741,613409,509203,390117,247463,19,3.84239519546905e-06,0.0123297981278246,0.462674861784201,0.647745699879435,0.827306927157723,0.965672985796913,1,1,1,Inf,33
-856336.314876336,7036491.65084485,2024/05/12 23:00:00+00,2021-W33,232397,119991,112378,28,7696,220455,3109,1135,0,75184,10111,6472,2859,1184,628,181,56,0,7,155670,494168,546055,681335,624517,516160,393052,250073,33,8.96558878942778e-06,0.281640451145776,0.799085406772453,0.794149770868692,0.868872423995103,0.983160005919265,1,1,1,Inf,0,3976,78753,43640,8403,2278,1295,371,115,0,3,10791,364879,489028,657144,615687,510498,390488,247578,19,3.84239519546905e-06,0.0195232357442928,0.590020972903397,0.711213108841371,0.838022852479086,0.969259178796437,1,1,1,Inf,34
-856336.314876336,7036491.65084485,2024/05/12 23:00:00+00,2021-W34,185404,96388,88983,33,5845,176394,2116,1049,0,46504,10065,6477,3218,1358,604,199,64,0,7,202174,504233,552532,684553,625875,516764,393251,250137,33,8.96558878942778e-06,0.365776171195131,0.815360832577371,0.803569532735018,0.872976178330953,0.985297868120035,1,1,1,Inf,0,22364,63236,21913,7095,2573,1351,403,96,0,3,33155,428115,510941,664239,618260,511849,390891,247674,19,3.84239519546905e-06,0.0599845131222342,0.69227560044436,0.743082066966552,0.84707075086717,0.973309782215128,1,1,1,Inf,35
-856336.314876336,7036491.65084485,2024/05/12 23:00:00+00,2021-W35,123524,64104,59404,16,5198,116681,999,646,0,22481,7125,4662,2579,950,471,147,33,0,7,224655,511358,557194,687132,626825,517235,393398,250170,33,8.96558878942778e-06,0.406449126692068,0.826882184674742,0.810349667028797,0.876265047949398,0.98679342709701,1,1,1,Inf,0,26175,36422,14641,5710,1877,879,290,80,0,3,59330,464537,525582,669949,620137,512728,391181,247754,19,3.84239519546905e-06,0.107340707692419,0.751171135334249,0.764375062718424,0.854352428075903,0.976264691899108,1,1,1,Inf,36
-856336.314876336,7036491.65084485,2024/05/12 23:00:00+00,2021-W36,109750,55923,53810,17,1889,106574,750,537,0,10879,5013,3967,1904,744,358,118,39,0,7,235534,516371,561161,689036,627569,517593,393516,250209,33,8.96558878942778e-06,0.426131573329281,0.834988365455671,0.81611903484163,0.878693123852275,0.987964685916872,1,1,1,Inf,0,58192,14922,8251,3717,1354,738,236,65,0,3,117522,479459,533833,673666,621491,513466,391417,247819,19,3.84239519546905e-06,0.212622529065034,0.775300484947859,0.776374824206621,0.859092532136299,0.978396257009449,1,1,1,Inf,37
-856336.314876336,7036491.65084485,2024/05/12 23:00:00+00,2021-W37,96222,49100,47114,8,638,94693,534,357,0,6847,3853,2805,1495,500,239,93,24,0,7,242381,520224,563966,690531,628069,517832,393609,250233,33,8.96558878942778e-06,0.438519266327258,0.841218789263555,0.820198459271928,0.880599622526015,0.988751822220543,1,1,1,Inf,1,56976,11234,7120,3334,1233,689,242,71,0,4,174498,490693,540953,677000,622724,514155,391659,247890,19,5.12319359395873e-06,0.315704345371848,0.793466221012682,0.786729726860356,0.863344215466231,0.980337335134301,1,1,1,Inf,38
-856336.314876336,7036491.65084485,2024/05/12 23:00:00+00,2021-W38,64572,32924,31634,14,659,63103,461,349,0,5607,2683,2352,1216,540,228,75,25,0,7,247988,522907,566318,691747,628609,518060,393684,250258,33,8.96558878942778e-06,0.44866353310682,0.84555728577966,0.823619067564285,0.882150326463987,0.989601929428508,1,1,1,Inf,0,33070,8312,5816,3183,1144,559,179,43,1,4,207568,499005,546769,680183,623868,514714,391838,247933,20,5.12319359395873e-06,0.375535075245239,0.806906989943679,0.795188169814586,0.867403336053867,0.9821383029971,1,1,1,Inf,39
-856336.314876336,7036491.65084485,2024/05/12 23:00:00+00,2021-W39,44250,22456,21785,9,325,43249,383,293,4,4055,3021,2092,1210,430,203,57,23,0,11,252043,525928,568410,692957,629039,518263,393741,250281,33,1.40887823833865e-05,0.455999898683977,0.850442339068945,0.82666154738895,0.883693378902265,0.990278866649664,1,1,1,Inf,0,17964,6739,4890,2403,900,424,156,60,0,4,225532,505744,551659,682586,624768,515138,391994,247993,20,5.12319359395873e-06,0.408035807977189,0.81780416773795,0.802299893687727,0.87046776168129,0.983555148343708,1,1,1,Inf,40
-856336.314876336,7036491.65084485,2024/05/12 23:00:00+00,2021-W40,24221,12160,12054,7,118,23604,253,246,0,2429,1437,1327,783,338,165,54,69,0,11,254472,527365,569737,693740,629377,518428,393795,250350,33,1.40887823833865e-05,0.460394481171503,0.852766013870899,0.828591456914443,0.884691899612324,0.990810970790946,1,1,1,Inf,0,8054,3918,3230,1672,539,313,106,40,0,4,233586,509662,554889,684258,625307,515451,392100,248033,20,5.12319359395873e-06,0.422607223108737,0.8241396986176,0.806997412728677,0.872599979596001,0.984403681279065,1,1,1,Inf,41
-856336.314876336,7036491.65084485,2024/05/12 23:00:00+00,2021-W41,21752,10816,10934,2,137,21230,89,295,1,2254,1349,1443,863,345,150,48,52,0,12,256726,528714,571180,694603,629722,518578,393843,250402,33,1.53695807818762e-05,0.464472451087881,0.854947389868002,0.830690069910136,0.885792440318302,0.991354094840479,1,1,1,Inf,0,6652,3383,2966,1416,523,250,97,49,0,4,240238,513045,557855,685674,625830,515701,392197,248082,20,5.12319359395873e-06,0.434642119241722,0.829610117445025,0.811310985940893,0.874405733523771,0.985227025852705,1,1,1,Inf,42
-856336.314876336,7036491.65084485,2024/05/12 23:00:00+00,2021-W42,25216,12719,12494,3,61,24858,39,258,0,3486,2786,2453,1491,658,301,93,38,0,12,260212,531500,573633,696094,630380,518879,393936,250440,33,1.53695807818762e-05,0.470779373505136,0.859452440667058,0.83425756656879,0.887693837992246,0.99238996621611,1,1,1,Inf,0,5254,3651,2651,1436,542,269,110,35,0,4,245492,516696,560506,687110,626372,515970,392307,248117,20,5.12319359395873e-06,0.444147733234912,0.835513900814499,0.815166441971096,0.87623699245052,0.986080281605884,1,1,1,Inf,43
-856336.314876336,7036491.65084485,2024/05/12 23:00:00+00,2021-W43,22754,11302,11450,2,37,22457,25,235,1,4191,2900,2613,1593,653,313,92,33,0,13,264403,534400,576246,697687,631033,519192,394028,250473,33,1.66503791803659e-05,0.478361792280443,0.864141833099672,0.8380577576691,0.889725311160988,0.993417966228704,1,1,1,Inf,0,4088,2449,2031,1133,423,187,63,16,0,4,249580,519145,562537,688243,626795,516157,392370,248133,20,5.12319359395873e-06,0.451543802896915,0.839474011872248,0.818120207039879,0.877681850642726,0.98674619891879,1,1,1,Inf,44
-856336.314876336,7036491.65084485,2024/05/12 23:00:00+00,2021-W44,19006,9646,9360,0,27,18814,38,127,0,3072,2622,2394,1556,596,233,69,32,0,13,267475,537022,578640,699243,631629,519425,394097,250505,33,1.66503791803659e-05,0.483919699815098,0.868381690671505,0.841539448252392,0.891709600081616,0.99435623270268,1,1,1,Inf,0,2970,1967,1816,991,453,177,61,30,0,4,252550,521112,564353,689234,627248,516334,392431,248163,20,5.12319359395873e-06,0.456917170532958,0.842654713567059,0.820761288952686,0.878945623342175,0.987459344409915,1,1,1,Inf,45
-856336.314876336,7036491.65084485,2024/05/12 23:00:00+00,2021-W45,15637,7844,7791,2,15,15514,21,87,0,2468,2044,1810,1100,450,182,80,33,0,13,269943,539066,580450,700343,632079,519607,394177,250538,33,1.66503791803659e-05,0.488384841675622,0.871686903820561,0.844171804123636,0.893112375025505,0.995064655375984,1,1,1,Inf,0,2202,1771,1743,1042,429,217,52,33,0,4,254752,522883,566096,690276,627677,516551,392483,248196,20,5.12319359395873e-06,0.460901061285338,0.8455184770147,0.823296204026486,0.880274433789023,0.988134707358465,1,1,1,Inf,46
-856336.314876336,7036491.65084485,2024/05/12 23:00:00+00,2021-W46,21806,11025,10779,2,25,21667,32,82,1,3441,2264,2083,1355,570,267,101,28,0,14,273384,541330,582533,701698,632649,519874,394278,250566,33,1.79311775788556e-05,0.494610349431726,0.875347863981747,0.847201194885958,0.894840338706386,0.995961990762168,1,1,1,Inf,0,3780,2763,2554,1530,650,291,121,35,0,4,258532,525646,568650,691806,628327,516842,392604,248231,20,5.12319359395873e-06,0.467739892822122,0.849986336080671,0.827010589051436,0.882225566210977,0.989157984553237,1,1,1,Inf,47
-856336.314876336,7036491.65084485,2024/05/12 23:00:00+00,2021-W47,21752,11090,10660,2,19,21635,38,60,3,3457,2196,1905,1272,572,254,108,34,0,17,276841,543526,584438,702970,633221,520128,394386,250600,33,2.17735727743246e-05,0.500864804622905,0.878898865975547,0.849971713081936,0.896462456641502,0.996862474693568,1,1,1,Inf,0,3922,2860,2585,1589,618,295,79,37,0,4,262454,528506,571235,693395,628945,517137,392683,248268,20,5.12319359395873e-06,0.474835632845207,0.854611047238352,0.830770058624456,0.884251938379922,0.990130885024574,1,1,1,Inf,48
-856336.314876336,7036491.65084485,2024/05/12 23:00:00+00,2021-W48,20150,10476,9672,2,22,20027,25,76,2,3793,1866,1709,1212,487,274,87,26,0,19,280634,545392,586147,704182,633708,520402,394473,250626,33,2.4335169571304e-05,0.507727155950688,0.881916247451153,0.852457180586884,0.898008059579678,0.997629145453343,1,1,1,Inf,0,3247,2627,2364,1483,607,255,90,41,0,4,265701,531133,573599,694878,629552,517392,392773,248309,20,5.12319359395873e-06,0.48071015295101,0.858858989969551,0.834208118999937,0.886143134054275,0.991086468497231,1,1,1,Inf,49
-856336.314876336,7036491.65084485,2024/05/12 23:00:00+00,2021-W49,14997,7910,7086,1,53,14879,11,54,1,2183,1266,1134,709,362,182,72,14,0,20,282817,546658,587281,704891,634070,520584,394545,250640,33,2.56159679697936e-05,0.511676671623915,0.883963409802771,0.854106402442128,0.898912211793512,0.998199032137201,1,1,1,Inf,0,2908,2127,1961,1260,517,211,76,24,0,4,268609,533260,575560,696138,630069,517603,392849,248333,20,5.12319359395873e-06,0.485971349276133,0.862298416764093,0.837060080250496,0.887749948990002,0.991900367435227,1,1,1,Inf,50
-856336.314876336,7036491.65084485,2024/05/12 23:00:00+00,2021-W50,16305,8550,7750,5,43,16197,17,47,5,2393,1420,1188,722,332,187,81,25,0,25,285210,548078,588469,705613,634402,520771,394626,250665,33,3.20199599622421e-05,0.516006122382519,0.886259595062878,0.855834158671431,0.899832942256682,0.998721690642838,1,1,1,Inf,0,3338,2253,1979,1399,582,296,99,21,0,4,271947,535513,577539,697537,630651,517899,392948,248354,20,5.12319359395873e-06,0.492010507918933,0.865941589574672,0.83993821962574,0.889534023668639,0.9928165940927,1,1,1,Inf,51
-856336.314876336,7036491.65084485,2024/05/12 23:00:00+00,2021-W51,11211,5977,5233,1,173,11003,9,26,101,1671,1011,843,538,279,141,68,21,0,126,286881,549089,589312,706151,634681,520912,394694,250686,33,0.0001613805982097,0.519029320133303,0.8878944142868,0.857060167510911,0.900519026729239,0.999160912700287,1,1,1,Inf,0,2195,1530,1251,868,387,202,80,34,0,4,274142,537043,578790,698405,631038,518101,393028,248388,20,5.12319359395873e-06,0.495981734168467,0.868415648340844,0.841757599291445,0.890640940624362,0.993425837591741,1,1,1,Inf,52
-856336.314876336,7036491.65084485,2024/05/12 23:00:00+00,2021-W52,9454,5070,4383,1,94,9323,3,33,319,1588,715,544,365,137,71,31,8,0,445,288469,549804,589856,706516,634818,520983,394725,250694,33,0.000569955287327909,0.521902353064629,0.88905059207622,0.857851328612545,0.90098449296062,0.999376588047493,1,1,1,Inf,1,2306,1166,1030,694,294,138,37,13,0,5,276448,538209,579820,699099,631332,518239,393065,248401,20,6.40399199244841e-06,0.500153783248843,0.87030110750513,0.843255569759612,0.891525964088961,0.993888673738299,1,1,1,Inf,53
-856336.314876336,7036491.65084485,2024/05/12 23:00:00+00,2022-W01,30664,15672,14990,2,137,30496,8,21,10345,11180,1129,824,555,183,85,37,11,0,10790,299649,550933,590680,707071,635001,521068,394762,250705,33,0.0138198147197037,0.542129373324215,0.890876221061193,0.859049704987078,0.90169225668231,0.999664679934636,1,1,1,Inf,7,2393,1416,1191,728,317,179,72,20,0,12,278841,539625,581011,699827,631649,518418,393137,248421,20,1.53695807818762e-05,0.504483234007447,0.872590824637744,0.844987689009696,0.892454346051826,0.994387718154827,1,1,1,Inf,54
-856336.314876336,7036491.65084485,2024/05/12 23:00:00+00,2022-W02,58351,29875,28474,2,119,58197,7,28,25357,23660,1426,1064,603,254,124,38,14,0,36147,323309,552359,591744,707674,635255,521192,394800,250719,33,0.0462970197102066,0.584935392943339,0.893182108512541,0.860597123024097,0.902461232401551,1,1,1,1,Inf,78,2209,1342,1022,607,301,159,79,20,0,90,281050,540967,582033,700434,631950,518577,393216,248441,20,0.000115271855864071,0.508479789262673,0.874760881411733,0.84647402475578,0.893228422770863,0.994861574209636,1,1,1,Inf,55
-856336.314876336,7036491.65084485,2024/05/12 23:00:00+00,2022-W03,33739,17129,16607,3,98,33618,6,17,14224,11522,1024,785,453,173,82,28,15,0,50371,334831,553383,592529,708127,635428,521274,394828,250734,33,0.0645150961303238,0.605781164627682,0.894837949150816,0.861738780128476,0.903038920628443,1,1,1,1,Inf,231,2026,1115,957,666,247,131,55,11,0,321,283076,542082,582990,701100,632197,518708,393271,248452,20,0.000411136285915188,0.512145258229213,0.87656387195048,0.847865828384941,0.89407773923689,0.99525041954365,1,1,1,Inf,56
-856336.314876336,7036491.65084485,2024/05/12 23:00:00+00,2022-W04,21397,11009,10385,3,28,21351,3,15,4416,4299,419,333,186,77,27,15,7,0,54787,339130,553802,592862,708313,635505,521301,394843,250741,33,0.0701711018580542,0.613558978589753,0.895515485505735,0.862223075435175,0.903276117118955,1,1,1,1,Inf,4000,5459,825,653,411,154,77,28,14,0,4321,288535,542907,583643,701511,632351,518785,393299,248466,20,0.00553432987987392,0.522021761234319,0.877897923245965,0.848815512574953,0.894601866965925,0.99549285752518,1,1,1,Inf,57
-856336.314876336,7036491.65084485,2024/05/12 23:00:00+00,2022-W05,37477,18883,18594,0,29,37426,2,18,3325,3248,284,271,152,66,26,9,8,0,58112,342378,554086,593133,708465,635571,521327,394852,250749,33,0.0744297565330324,0.619435307910248,0.895974722557756,0.862617201645731,0.903469955111202,1,1,1,1,Inf,13585,14480,730,632,385,149,82,38,9,0,17906,303015,543637,584275,701896,632500,518867,393337,248475,20,0.0229339761233563,0.548219189978398,0.879078356513485,0.849734655619498,0.895092838196286,0.995727424143674,1,1,1,Inf,58
-856336.314876336,7036491.65084485,2024/05/12 23:00:00+00,2022-W06,31600,16077,15522,1,15,31567,1,17,2985,2982,287,221,132,66,27,13,4,0,61097,345360,554373,593354,708597,635637,521354,394865,250753,33,0.0782529397525241,0.6248303861226,0.896438810705398,0.86293861084327,0.903638288104468,1,1,1,1,Inf,12561,10322,747,594,357,181,88,21,13,0,30467,313337,544384,584869,702253,632681,518955,393358,248488,20,0.0390220848067852,0.566893904032016,0.880286279322852,0.85059853373415,0.895548102428076,0.996012367485603,1,1,1,Inf,59
-856336.314876336,7036491.65084485,2024/05/12 23:00:00+00,2022-W07,22078,11156,10922,0,23,22046,3,6,2769,2428,202,184,102,40,16,11,7,0,63866,347788,554575,593538,708699,635677,521370,394876,250760,33,0.0817994705179421,0.629223159395433,0.896765451143807,0.863206209451176,0.903768363599265,1,1,1,1,Inf,7901,7201,462,353,228,100,50,17,10,0,38368,320538,544846,585222,702481,632781,519005,393375,248498,20,0.0491416729532521,0.579922059031057,0.881033348048323,0.851111915846055,0.895838859416446,0.996169794746337,1,1,1,Inf,60
-856336.314876336,7036491.65084485,2024/05/12 23:00:00+00,2022-W08,16645,8538,8107,0,6,16629,5,5,2481,2307,173,137,76,32,16,10,4,0,66347,350095,554748,593675,708775,635709,521386,394886,250764,33,0.084977131344595,0.633397017690501,0.897045197657891,0.863405454066844,0.903865282595389,1,1,1,1,Inf,5619,4830,363,305,178,72,31,8,6,0,43987,325368,545209,585527,702659,632853,519036,393383,248504,20,0.0563384791543657,0.588660565994724,0.881620330618337,0.851555489625464,0.896065853907366,0.996283142374066,1,1,1,Inf,61
-856336.314876336,7036491.65084485,2024/05/12 23:00:00+00,2022-W09,13360,6653,6707,0,8,13331,5,14,1391,1286,116,121,85,36,20,12,6,0,67738,351381,554864,593796,708860,635745,521406,394898,250770,33,0.0867587219168941,0.635723667784761,0.897232773355196,0.863581429238347,0.903973678841053,1,1,1,1,Inf,4920,4464,327,316,149,66,35,10,4,0,48907,329832,545536,585843,702808,632919,519071,393393,248508,20,0.0626400072749349,0.596736900381021,0.882149100040911,0.852015061147736,0.896255866149765,0.996387044366151,1,1,1,Inf,62
-856336.314876336,7036491.65084485,2024/05/12 23:00:00+00,2022-W10,10014,5032,4981,1,6,9995,4,8,846,905,91,97,64,19,15,8,2,0,68584,352286,554955,593893,708924,635764,521421,394906,250772,33,0.0878422773620164,0.637361007081266,0.897379923255667,0.863722500243602,0.904055294837788,1,1,1,1,Inf,3786,3440,281,251,117,58,23,10,5,0,52693,333272,545817,586094,702925,632977,519094,393403,248513,20,0.0674891100116168,0.602960598922432,0.882603485997313,0.852380100553086,0.896405070393797,0.996478352177376,1,1,1,Inf,63
-856336.314876336,7036491.65084485,2024/05/12 23:00:00+00,2022-W11,7178,3689,3489,0,2,7160,2,6,733,675,70,72,40,19,7,5,3,0,69317,352961,555025,593965,708964,635783,521428,394911,250775,33,0.0887811025881093,0.638582226998549,0.897493115486799,0.863827212742348,0.904106304835748,1,1,1,1,Inf,2775,2347,168,130,82,24,14,12,3,0,55468,335619,545985,586224,703007,633001,519108,393415,248516,20,0.0710433255674257,0.607206825805191,0.882875147352029,0.852569164786932,0.896509640889614,0.996516134719953,1,1,1,Inf,64
-856336.314876336,7036491.65084485,2024/05/12 23:00:00+00,2022-W12,8170,4075,4095,0,5,8131,1,7,961,871,104,83,63,29,14,11,4,0,70278,353832,555129,594048,709027,635812,521442,394922,250779,33,0.0900119498490579,0.640158052995517,0.897661286801624,0.863947922983957,0.904186645582534,1,1,1,1,Inf,2913,2547,201,166,115,56,21,9,3,0,58381,338166,546186,586390,703122,633057,519129,393424,248519,20,0.0747742913022262,0.611814895626404,0.883200170758566,0.852810585270151,0.896656294633748,0.996604293985964,1,1,1,Inf,65
-856336.314876336,7036491.65084485,2024/05/12 23:00:00+00,2022-W13,5933,3006,2927,0,6,5907,6,8,849,755,116,101,53,27,21,9,4,0,71127,354587,555245,594149,709080,635839,521463,394931,250783,33,0.0910993476893757,0.641524010088181,0.897848862498929,0.864094811350253,0.904254233829831,1,1,1,1,Inf,1864,1639,200,139,90,31,24,13,4,0,60245,339805,546386,586529,703212,633088,519153,393437,248523,20,0.0771616995170109,0.614780198507036,0.883523577133229,0.85301273856634,0.896771067129157,0.996653096436791,1,1,1,Inf,66
-856336.314876336,7036491.65084485,2024/05/12 23:00:00+00,2022-W14,4675,2391,2284,0,3,4621,2,4,644,754,151,120,61,41,21,6,4,0,71771,355341,555396,594269,709141,635880,521484,394937,250787,33,0.091924181858003,0.642888157966153,0.898093034311799,0.864269332181496,0.904332024076719,1,1,1,1,Inf,1195,1250,155,132,87,30,13,8,5,0,61440,341055,546541,586661,703299,633118,519166,393445,248528,20,0.0786922536032061,0.617041716872374,0.883774217073593,0.853204711480707,0.896882013874719,0.996700324615012,1,1,1,Inf,67
-856336.314876336,7036491.65084485,2024/05/12 23:00:00+00,2022-W15,4403,2327,2076,0,2,4366,2,4,641,687,140,98,48,21,20,6,5,0,72412,356028,555536,594367,709189,635901,521504,394943,250792,33,0.0927451736314349,0.644131088459743,0.898319418774063,0.864411857527011,0.904393236074271,1,1,1,1,Inf,1166,1210,139,112,66,22,15,7,2,0,62606,342265,546680,586773,703365,633140,519181,393452,248530,20,0.0801856645358451,0.619230866650022,0.883998984503984,0.853367597589867,0.896966180371353,0.996734958612373,1,1,1,Inf,68
-856336.314876336,7036491.65084485,2024/05/12 23:00:00+00,2022-W16,3643,1868,1775,0,23,3608,2,4,430,538,105,45,40,16,11,8,4,0,72842,356566,555641,594412,709229,635917,521515,394951,250796,33,0.0932959169427855,0.645104445964185,0.898489207120762,0.864477302838727,0.90444424607223,1,1,1,1,Inf,1172,987,117,92,40,21,11,8,0,0,63778,343252,546797,586865,703405,633161,519192,393460,248530,20,0.081686760258875,0.621016561551293,0.884188177233161,0.85350139689382,0.897017190369312,0.996768018337127,1,1,1,Inf,69
-856336.314876336,7036491.65084485,2024/05/12 23:00:00+00,2022-W17,2874,1427,1446,1,77,2756,1,3,287,459,116,80,46,26,12,6,7,0,73129,357025,555757,594492,709275,635943,521527,394957,250803,33,0.093663506083152,0.645934875507937,0.898676782818066,0.864593650059555,0.904502907569884,1,1,1,1,Inf,658,762,172,125,61,31,16,6,5,0,64436,344014,546969,586990,703466,633192,519208,393466,248535,20,0.0825295256050812,0.622395183146803,0.884466306715372,0.853683189426365,0.897094980616201,0.996816820787955,1,1,1,Inf,70
-856336.314876336,7036491.65084485,2024/05/12 23:00:00+00,2022-W18,3635,1847,1788,0,96,3513,2,6,328,461,121,96,48,22,15,3,7,0,73457,357486,555878,594588,709323,635965,521542,394960,250810,33,0.0940836079578566,0.646768923481074,0.898872443674737,0.864733266724549,0.904564119567435,1,1,1,1,Inf,1153,1033,151,109,43,24,12,5,6,0,65589,345047,547120,587099,703509,633216,519220,393471,248541,20,0.0840062861585398,0.624264101923919,0.884710478528242,0.853841712514743,0.897149816364007,0.996854603330531,1,1,1,Inf,71
-856336.314876336,7036491.65084485,2024/05/12 23:00:00+00,2022-W19,3265,1622,1642,1,68,3153,1,5,322,585,125,73,49,22,16,7,4,0,73779,358071,556003,594661,709372,635987,521558,394967,250814,33,0.0944960250421703,0.647827314076052,0.899074572658902,0.864839433563555,0.904626606814936,1,1,1,1,Inf,747,960,140,99,52,30,23,8,4,0,66336,346007,547260,587198,703561,633246,519243,393479,248545,20,0.0849630425622116,0.626000948028499,0.884936862990506,0.853985692200519,0.897216129361355,0.996901831508751,1,1,1,Inf,72
-856336.314876336,7036491.65084485,2024/05/12 23:00:00+00,2022-W20,2577,1270,1307,0,116,2450,0,1,272,456,96,63,48,15,14,7,7,0,74051,358527,556099,594724,709420,636002,521572,394974,250821,33,0.0948444022065595,0.648652315975728,0.89922980771874,0.864931056999958,0.904687818812487,1,1,1,1,Inf,529,727,148,85,51,27,15,8,9,0,66865,346734,547408,587283,703612,633273,519258,393487,248554,20,0.0856405849150126,0.62731624710978,0.885176183707757,0.854109311122649,0.897281167108753,0.99694433686915,1,1,1,Inf,73
-856336.314876336,7036491.65084485,2024/05/12 23:00:00+00,2022-W21,2487,1349,1138,0,73,2393,3,3,276,419,99,62,44,20,6,4,5,0,74327,358946,556198,594786,709464,636022,521578,394978,250826,33,0.0951979025645426,0.649410376931789,0.899389893874198,0.8650212260961,0.904743929810243,1,1,1,1,Inf,467,703,181,110,51,21,12,6,4,0,67332,347437,547589,587393,703663,633294,519270,393493,248558,20,0.0862387177671073,0.628588125038446,0.885468866476827,0.854269288551288,0.897346204856152,0.996977396593904,1,1,1,Inf,74
-856336.314876336,7036491.65084485,2024/05/12 23:00:00+00,2022-W22,2236,1121,1115,0,88,2115,4,7,235,332,86,66,34,19,9,6,0,0,74562,359278,556284,594852,709498,636041,521587,394984,250826,33,0.0954988901881877,0.650011036209623,0.899528958615303,0.865117212553283,0.904787288308509,1,1,1,1,Inf,439,678,139,91,58,19,12,14,2,0,67771,348115,547728,587484,703721,633313,519282,393507,248560,20,0.0868009882640443,0.629814772599805,0.885693633907218,0.85440163351498,0.897420169353193,0.997007307773443,1,1,1,Inf,75
-856336.314876336,7036491.65084485,2024/05/12 23:00:00+00,2022-W23,1739,895,844,0,66,1663,3,3,168,217,50,52,24,10,8,6,1,0,74730,359495,556334,594904,709522,636051,521595,394990,250827,33,0.095714064319134,0.650403635797846,0.899609810208969,0.865192838246822,0.904817894307284,1,1,1,1,Inf,364,591,112,68,41,16,9,3,2,0,68135,348706,547840,587552,703762,633329,519291,393510,248562,20,0.0872671988810945,0.630884018482937,0.885874741477029,0.854500528652685,0.897472454601102,0.997032496135161,1,1,1,Inf,76
-856336.314876336,7036491.65084485,2024/05/12 23:00:00+00,2022-W24,1765,930,835,0,75,1679,1,3,184,244,61,44,27,8,11,2,2,0,74914,359739,556395,594948,709549,636059,521606,394992,250829,33,0.0959497312244561,0.65084508418276,0.899708449153241,0.865256829218278,0.904852326055907,1,1,1,1,Inf,402,502,109,82,46,20,10,9,2,0,68537,349208,547949,587634,703808,633349,519301,393519,248564,20,0.0877820798372874,0.631792244258457,0.886050997951221,0.854619784554034,0.897531116098755,0.997063981587308,1,1,1,Inf,77
-856336.314876336,7036491.65084485,2024/05/12 23:00:00+00,2022-W25,1473,764,709,0,52,1398,3,1,192,203,68,27,27,20,4,6,4,0,75106,359942,556463,594975,709576,636079,521610,394998,250833,33,0.0961956445169661,0.651212354765291,0.899818407320627,0.865296096405307,0.90488675780453,1,1,1,1,Inf,276,420,97,64,37,22,4,1,4,0,68813,349628,548046,587698,703845,633371,519305,393520,248568,20,0.0881355801952705,0.632552114429211,0.886207850042932,0.854712862330697,0.897578300346868,0.997098615584669,1,1,1,Inf,78
-856336.314876336,7036491.65084485,2024/05/12 23:00:00+00,2022-W26,1539,806,733,0,54,1470,4,8,189,201,75,51,27,16,6,7,2,0,75295,360143,556538,595026,709603,636095,521616,395005,250835,33,0.0964377154142806,0.651576006918437,0.899939684711125,0.865370267758585,0.904921189553152,1,1,1,1,Inf,315,424,91,74,41,12,9,1,2,0,69128,350052,548137,587772,703886,633383,519314,393521,248570,20,0.0885390316907948,0.633319221458734,0.886354999943404,0.854820483509963,0.897630585594777,0.997117506855957,1,1,1,Inf,79
-856336.314876336,7036491.65084485,2024/05/12 23:00:00+00,2022-W27,1286,650,636,0,39,1235,1,2,161,180,70,52,38,8,11,10,3,0,75456,360323,556608,595078,709641,636103,521627,395015,250838,33,0.0966439239564375,0.651901665563046,0.900052876942257,0.865445893452124,0.904969649051214,1,1,1,1,Inf,227,337,68,46,41,21,7,5,2,0,69355,350389,548205,587818,703927,633404,519321,393526,248572,20,0.0888297729272519,0.633928926810029,0.886464958110789,0.854887383161939,0.897682870842685,0.997150566580711,1,1,1,Inf,80
-856336.314876336,7036491.65084485,2024/05/12 23:00:00+00,2022-W28,1299,648,651,0,18,1265,3,5,166,187,65,41,31,19,13,10,6,0,75622,360510,556673,595119,709672,636122,521640,395025,250844,33,0.0968565364905868,0.6522399887105,0.900157984014023,0.865505521402798,0.905009181799633,1,1,1,1,Inf,261,303,90,52,33,8,9,5,2,0,69616,350692,548295,587870,703960,633412,519330,393531,248574,20,0.0891640613092577,0.634477118861787,0.886610490979388,0.854963008855478,0.897724954091002,0.99716316076157,1,1,1,Inf,81
-856336.314876336,7036491.65084485,2024/05/12 23:00:00+00,2022-W29,1025,509,516,0,13,1003,1,3,149,140,56,56,25,10,11,13,4,0,75771,360650,556729,595175,709697,636132,521651,395038,250848,33,0.0970473754519617,0.652493278767418,0.900248537798929,0.865586964457378,0.905041063048358,1,1,1,1,Inf,171,226,79,42,22,12,6,2,2,0,69787,350918,548374,587912,703982,633424,519336,393533,248576,20,0.0893830778353995,0.63488600138224,0.88673823649738,0.855024091146413,0.89775300958988,0.997182052032858,1,1,1,Inf,82
-856336.314876336,7036491.65084485,2024/05/12 23:00:00+00,2022-W30,1042,541,501,0,17,1013,2,1,123,129,45,49,31,7,12,5,2,0,75894,360779,556774,595224,709728,636139,521663,395043,250850,33,0.097204913654976,0.652726667462721,0.900321304233228,0.865658227130136,0.905080595796776,1,1,1,1,Inf,216,251,58,58,27,11,10,6,3,0,70003,351169,548432,587970,704009,633435,519346,393539,248579,20,0.0896597302894732,0.63534011427,0.886832024346032,0.855108442881513,0.897787441338502,0.997199369031539,1,1,1,Inf,83
-856336.314876336,7036491.65084485,2024/05/12 23:00:00+00,2022-W31,896,480,416,0,14,877,0,3,140,99,55,37,24,7,6,8,1,0,76034,360878,556829,595261,709752,636146,521669,395051,250851,33,0.0973842254307645,0.652905779717256,0.90041024098626,0.865712037719769,0.905111201795552,1,1,1,1,Inf,174,151,78,52,28,20,7,5,4,0,70177,351320,548510,588022,704037,633455,519353,393544,248583,20,0.0898825892108105,0.635613305688533,0.886958152832151,0.855184068575052,0.897823148337074,0.997230854483686,1,1,1,Inf,84
-856336.314876336,7036491.65084485,2024/05/12 23:00:00+00,2022-W32,834,421,413,0,16,814,1,1,112,98,43,25,27,6,13,5,5,0,76146,360976,556872,595286,709779,636152,521682,395056,250856,33,0.0975276748513954,0.653083082757098,0.900479773356813,0.865748396226278,0.905145633544175,1,1,1,1,Inf,178,167,60,41,22,15,10,5,3,0,70355,351487,548570,588063,704059,633470,519363,393549,248586,20,0.0901105713257416,0.635915444542142,0.887055174744549,0.855243696525727,0.897851203835952,0.997254468572796,1,1,1,Inf,85
-856336.314876336,7036491.65084485,2024/05/12 23:00:00+00,2022-W33,693,377,316,0,11,675,0,1,109,101,43,36,21,19,10,6,0,0,76255,361077,556915,595322,709800,636171,521692,395062,250856,33,0.0976672818768307,0.653265813441018,0.900549305727365,0.865800752475651,0.905172413793103,1,1,1,1,Inf,81,124,59,43,16,10,11,3,1,0,70436,351611,548629,588106,704075,633480,519374,393552,248587,20,0.0902143159960193,0.636139787163984,0.887150579625075,0.855306233156922,0.897871607835136,0.997270211298869,1,1,1,Inf,86
-856336.314876336,7036491.65084485,2024/05/12 23:00:00+00,2022-W34,839,432,407,0,17,811,0,1,109,108,59,61,21,19,14,9,2,0,76364,361185,556974,595383,709821,636190,521706,395071,250858,33,0.0978068889022661,0.653461208627783,0.900644710607891,0.865889467231532,0.905199194042032,1,1,1,1,Inf,135,137,54,57,20,14,10,6,4,0,70571,351748,548683,588163,704095,633494,519384,393558,248591,20,0.0903872237798154,0.636387649576825,0.887237899346234,0.855389130551762,0.897897112834115,0.997292251115372,1,1,1,Inf,87
-856336.314876336,7036491.65084485,2024/05/12 23:00:00+00,2022-W35,561,280,281,0,12,543,3,2,71,66,39,43,21,7,9,7,5,0,76435,361251,557013,595426,709842,636197,521715,395078,250863,33,0.0978978255885589,0.653580616797473,0.90070777485095,0.865952003862728,0.905225974290961,1,1,1,1,Inf,80,83,54,30,19,10,8,7,3,0,70651,351831,548737,588193,704114,633504,519392,393565,248594,20,0.0904896876516946,0.636537814396283,0.887325219067393,0.855432760759573,0.897921342583146,0.997307993841446,1,1,1,Inf,88
-856336.314876336,7036491.65084485,2024/05/12 23:00:00+00,2022-W36,733,372,361,0,18,704,2,2,118,62,53,39,18,14,19,7,1,0,76553,361313,557066,595465,709860,636211,521734,395085,250864,33,0.0980489597995807,0.653692788108394,0.900793477540236,0.866008723132882,0.905248928790043,1,1,1,1,Inf,154,101,55,34,29,15,8,6,2,0,70805,351932,548792,588227,704143,633519,519400,393571,248596,20,0.090686930605062,0.636720545080202,0.887414155820425,0.855482208328425,0.897958324831667,0.997331607930556,1,1,1,Inf,89
-856336.314876336,7036491.65084485,2024/05/12 23:00:00+00,2022-W37,632,311,320,1,10,617,1,2,73,53,61,27,16,15,13,2,1,0,76626,361366,557127,595492,709876,636226,521747,395087,250865,33,0.0981424580826704,0.653788676487084,0.900892116484508,0.866047990319911,0.905269332789227,1,1,1,1,Inf,144,100,48,42,16,10,7,4,0,0,70949,352032,548840,588269,704159,633529,519407,393575,248596,20,0.0908713655744445,0.63690146654943,0.887491773350344,0.85554329061936,0.897978728830851,0.997347350656629,1,1,1,Inf,90
-856336.314876336,7036491.65084485,2024/05/12 23:00:00+00,2022-W38,560,284,276,0,7,546,0,1,59,41,53,33,30,14,10,3,3,0,76685,361407,557180,595525,709906,636240,521757,395090,250868,33,0.0982180251881813,0.653862854289467,0.900977819173794,0.866095983548503,0.905307590287696,1,1,1,1,Inf,88,85,45,45,24,12,11,2,2,0,71037,352117,548885,588314,704183,633541,519418,393577,248598,20,0.0909840758335116,0.637055249798273,0.887564539784644,0.855608735931076,0.898009334829627,0.997366241927917,1,1,1,Inf,91
-856336.314876336,7036491.65084485,2024/05/12 23:00:00+00,2022-W39,554,269,285,0,9,538,2,1,67,52,35,28,17,6,5,5,3,0,76752,361459,557215,595553,709923,636246,521762,395095,250871,33,0.0983038386808801,0.653956933453465,0.90103441528936,0.866136705075793,0.905329269536829,1,1,1,1,Inf,131,87,34,42,22,9,7,4,2,0,71168,352204,548919,588356,704205,633550,519425,393581,248600,20,0.0911518604237137,0.6372126514765,0.887619518868336,0.855669818222011,0.898037390328504,0.997380410381383,1,1,1,Inf,92
-856336.314876336,7036491.65084485,2024/05/12 23:00:00+00,2022-W40,509,252,257,0,4,495,1,1,87,50,26,23,19,9,7,11,3,0,76839,361509,557241,595576,709942,636255,521769,395106,250874,33,0.0984152681415487,0.654047394188079,0.901076458118066,0.866170154901781,0.90535349928586,1,1,1,1,Inf,101,63,41,28,16,8,10,5,2,0,71269,352267,548960,588384,704221,633558,519435,393586,248602,20,0.0912812210619612,0.637326632002113,0.887685817175142,0.855710539749301,0.898057794327688,0.997393004562242,1,1,1,Inf,93
-856336.314876336,7036491.65084485,2024/05/12 23:00:00+00,2022-W41,549,278,270,1,25,515,0,3,86,41,28,41,14,15,9,24,32,0,76925,361550,557269,595617,709956,636270,521778,395130,250906,33,0.0985254168038188,0.654121571990462,0.901121735010519,0.866229782852456,0.905371352785146,1,1,1,1,Inf,87,69,35,24,23,12,6,2,1,0,71356,352336,548995,588408,704244,633570,519441,393588,248603,20,0.0913926505226298,0.63745146781588,0.887742413290708,0.855745443915549,0.898087125076515,0.99741189583353,1,1,1,Inf,94
-856336.314876336,7036491.65084485,2024/05/12 23:00:00+00,2022-W42,483,230,253,0,10,468,3,0,57,43,27,32,17,14,21,55,29,0,76982,361593,557296,595649,709973,636284,521799,395185,250935,33,0.0985984223125327,0.654199368222229,0.901165394871098,0.866276321740787,0.905393032034279,1,1,1,1,Inf,61,44,32,22,15,6,5,3,1,0,71417,352380,549027,588430,704259,633576,519446,393591,248604,20,0.0914707792249377,0.63753107326234,0.887794158310654,0.855777439401277,0.89810625382575,0.997421341469174,1,1,1,Inf,95
-856336.314876336,7036491.65084485,2024/05/12 23:00:00+00,2022-W43,496,254,242,0,16,476,1,2,108,48,32,27,12,12,19,16,7,0,77090,361641,557328,595676,709985,636296,521818,395201,250942,33,0.0987367485395696,0.654286210527459,0.901217139891044,0.866315588927817,0.905408335033667,1,1,1,1,Inf,75,52,31,27,18,7,5,0,0,0,71492,352432,549058,588457,704277,633583,519451,393591,248604,20,0.0915668391048244,0.637625152426338,0.887844286298727,0.855816706588307,0.898129208324832,0.997432361377426,1,1,1,Inf,96
-856336.314876336,7036491.65084485,2024/05/12 23:00:00+00,2022-W44,367,183,184,0,11,355,0,0,37,52,30,20,22,13,19,18,7,0,77127,361693,557358,595696,710007,636309,521837,395219,250949,33,0.0987841380803137,0.654380289691457,0.901265650847244,0.866344675733024,0.905436390532544,1,1,1,1,Inf,35,48,19,18,11,11,4,1,2,0,71527,352480,549077,588475,704288,633594,519455,393592,248606,20,0.0916116670487715,0.637711994731567,0.88787500990432,0.855842884712993,0.898143236074271,0.997449678376106,1,1,1,Inf,97
-856336.314876336,7036491.65084485,2024/05/12 23:00:00+00,2022-W45,496,232,264,0,6,478,1,1,72,43,30,37,16,8,11,9,7,0,77199,361736,557388,595733,710023,636317,521848,395228,250956,33,0.098876355565005,0.654458085923224,0.901314161803443,0.866398486322657,0.905456794531728,1,1,1,1,Inf,93,57,33,43,16,11,5,5,0,0,71620,352537,549110,588518,704304,633605,519460,393597,248606,20,0.0917307812998311,0.637815119969026,0.88792837195614,0.855905421344189,0.898163640073454,0.997466995374787,1,1,1,Inf,98
-856336.314876336,7036491.65084485,2024/05/12 23:00:00+00,2022-W46,361,184,177,0,1,355,4,1,52,33,27,22,14,7,12,8,3,0,77251,361769,557415,595755,710037,636324,521860,395236,250959,33,0.0989429570817265,0.654517790008069,0.901357821664023,0.866430481808385,0.905474648031014,1,1,1,1,Inf,80,40,24,21,8,6,3,4,0,0,71700,352577,549134,588539,704312,633611,519463,393601,248606,20,0.0918332451717102,0.637887488556717,0.887967180721099,0.855935962489656,0.898173842073046,0.997476441010431,1,1,1,Inf,99
-856336.314876336,7036491.65084485,2024/05/12 23:00:00+00,2022-W47,367,200,167,0,0,365,0,1,61,30,23,25,17,8,5,6,2,0,77312,361799,557438,595780,710054,636332,521865,395242,250961,33,0.0990210857840343,0.654572066448837,0.901395013397109,0.866466840314894,0.905496327280147,1,1,1,1,Inf,68,46,23,30,12,6,3,2,0,0,71768,352623,549157,588569,704324,633617,519466,393603,248606,20,0.0919203394628075,0.637970712432562,0.888004372454185,0.855979592697467,0.898189145072434,0.997485886646075,1,1,1,Inf,100
-856336.314876336,7036491.65084485,2024/05/12 23:00:00+00,2022-W48,322,163,159,0,1,318,1,0,48,31,20,15,9,8,6,5,4,0,77360,361830,557458,595795,710063,636340,521871,395247,250965,33,0.0990825641071618,0.654628152104298,0.901427354034575,0.866488655418799,0.905507804529688,1,1,1,1,Inf,62,42,23,28,16,2,2,1,0,0,71830,352665,549180,588597,704340,633619,519468,393604,248606,20,0.0919997489635139,0.638046699449637,0.888041564187272,0.856020314224757,0.898209549071618,0.99748903519129,1,1,1,Inf,101
-856336.314876336,7036491.65084485,2024/05/12 23:00:00+00,2022-W49,340,184,156,0,0,334,1,0,47,31,27,16,14,10,3,7,2,0,77407,361861,557485,595811,710077,636350,521874,395254,250967,33,0.0991427616318909,0.654684237759758,0.901471013895155,0.866511924862965,0.905525658028974,1,1,1,1,Inf,60,38,39,24,10,2,4,3,4,0,71890,352703,549219,588621,704350,633621,519472,393607,248610,20,0.0920765968674233,0.638115449607943,0.888104628430331,0.856055218391005,0.898222301571108,0.997492183736505,1,1,1,Inf,102
-856336.314876336,7036491.65084485,2024/05/12 23:00:00+00,2022-W50,233,123,110,0,2,227,1,1,23,12,26,14,7,3,10,3,0,0,77430,361873,557511,595825,710084,636353,521884,395257,250967,33,0.0991722199950561,0.654705948336065,0.901513056723861,0.86653228562661,0.905534584778617,1,1,1,1,Inf,33,25,28,21,13,6,3,3,4,0,71923,352728,549247,588642,704363,633627,519475,393610,248614,20,0.0921188632145734,0.63816067997525,0.888149905322784,0.856085759536473,0.898238879820445,0.997501629372149,1,1,1,Inf,103
-856336.314876336,7036491.65084485,2024/05/12 23:00:00+00,2022-W51,198,102,96,0,2,194,0,0,31,20,15,13,5,2,4,1,1,0,77461,361893,557526,595838,710089,636355,521888,395258,250968,33,0.0992119247454093,0.654742132629911,0.901537312201961,0.866551192049994,0.905540961028362,1,1,1,1,Inf,30,20,19,19,8,4,3,1,2,0,71953,352748,549266,588661,704371,633631,519478,393611,248616,20,0.0921572871665281,0.638196864269095,0.888180628928377,0.856113392001419,0.898249081820037,0.997507926462578,1,1,1,Inf,104
-856336.314876336,7036491.65084485,2024/05/12 23:00:00+00,2022-W52,230,115,115,0,0,228,1,1,74,26,11,13,5,3,3,0,0,0,77535,361919,557537,595851,710094,636358,521891,395258,250968,33,0.0993067038268975,0.65478917221191,0.901555099552567,0.866570098473379,0.905547337278107,1,1,1,1,Inf,32,22,14,12,9,4,2,0,0,0,71985,352770,549280,588673,704380,633635,519480,393611,248616,20,0.0921982727152798,0.638236666992325,0.888203267374603,0.856130844084544,0.898260559069578,0.997514223553007,1,1,1,Inf,105
-856336.314876336,7036491.65084485,2024/05/12 23:00:00+00,2023-W01,420,228,192,0,1,414,1,1,158,49,22,22,7,1,2,1,1,0,77693,361968,557559,595873,710101,636359,521893,395259,250969,33,0.0995090699738589,0.654877823731831,0.90159067425378,0.866602093959107,0.905556264027749,1,1,1,1,Inf,65,47,19,16,2,1,6,1,1,0,72050,352817,549299,588689,704382,633636,519486,393612,248617,20,0.0922815246111816,0.638321700082862,0.888233990980196,0.856154113528709,0.898263109569476,0.997515797825615,1,1,1,Inf,106
-856336.314876336,7036491.65084485,2024/05/12 23:00:00+00,2023-W02,424,225,199,0,0,419,0,2,122,48,41,24,16,6,1,5,3,0,77815,362016,557600,595897,710117,636365,521894,395264,250972,33,0.0996653273784747,0.65496466603706,0.901656972560586,0.866636998125355,0.905576668026933,1,1,1,1,Inf,46,36,36,17,11,4,3,2,3,0,72096,352853,549335,588706,704393,633640,519489,393614,248620,20,0.0923404413375122,0.638386831811784,0.888292204127636,0.856178837313135,0.898277137318914,0.997522094916044,1,1,1,Inf,107
-856336.314876336,7036491.65084485,2024/05/12 23:00:00+00,2023-W03,343,181,162,0,0,335,0,0,98,48,29,22,13,9,0,5,3,0,77913,362064,557629,595919,710130,636374,521894,395269,250975,33,0.0997908456215266,0.655051508342289,0.901703866484912,0.866668993611083,0.90559324627627,1,1,1,1,Inf,34,25,15,28,10,3,1,0,0,0,72130,352878,549350,588734,704403,633643,519490,393614,248620,20,0.0923839884830608,0.638432062179091,0.888316459605735,0.856219558840425,0.898289889818404,0.997526817733866,1,1,1,Inf,108
-856336.314876336,7036491.65084485,2024/05/12 23:00:00+00,2023-W04,235,124,111,0,0,235,0,0,32,14,25,21,10,7,1,1,0,0,77945,362078,557654,595940,710140,636381,521895,395270,250975,33,0.0998318311702783,0.655076837347981,0.901744292281745,0.866699534756551,0.90560599877576,1,1,1,1,Inf,48,29,17,15,5,6,2,1,1,0,72178,352907,549367,588749,704408,633649,519492,393615,248621,20,0.0924454668061883,0.638484529405166,0.888343949147582,0.856241373944331,0.898296266068149,0.99753626336951,1,1,1,Inf,109
-856336.314876336,7036491.65084485,2024/05/12 23:00:00+00,2023-W05,285,149,136,0,0,282,1,0,35,31,27,16,11,8,4,3,1,0,77980,362109,557681,595956,710151,636389,521899,395273,250976,33,0.0998766591142254,0.655132923003441,0.901787952142325,0.866722804200716,0.905620026525199,1,1,1,1,Inf,60,32,22,18,13,1,1,1,1,0,72238,352939,549389,588767,704421,633650,519493,393616,248622,20,0.0925223147100977,0.638542424275319,0.888379523848795,0.856267552069017,0.898312844317486,0.997537837642117,1,1,1,Inf,110
-856336.314876336,7036491.65084485,2024/05/12 23:00:00+00,2023-W06,283,151,132,0,0,283,0,0,50,30,19,12,14,3,2,3,0,0,78030,362139,557700,595968,710165,636392,521901,395276,250976,33,0.0999406990341499,0.655187199444209,0.901818675747918,0.866740256283841,0.905637880024485,1,1,1,1,Inf,54,28,28,19,13,5,0,1,2,0,72292,352967,549417,588786,704434,633655,519493,393617,248624,20,0.0925914778236161,0.638593082286703,0.888424800741247,0.856295184533964,0.898329422566823,0.997545709005154,1,1,1,Inf,111
-856336.314876336,7036491.65084485,2024/05/12 23:00:00+00,2023-W07,222,126,96,0,0,215,2,0,24,14,15,13,12,4,0,1,0,0,78054,362153,557715,595981,710177,636396,521901,395277,250976,33,0.0999714381957137,0.655212528449901,0.901842931226017,0.866759162707225,0.905653183023873,1,1,1,1,Inf,54,21,17,19,13,11,1,2,1,0,72346,352988,549434,588805,704447,633666,519494,393619,248625,20,0.0926606409371346,0.63863107579524,0.888452290283094,0.856322816998911,0.89834600081616,0.997563026003835,1,1,1,Inf,112
-856336.314876336,7036491.65084485,2024/05/12 23:00:00+00,2023-W08,290,137,153,0,0,289,1,0,138,13,15,6,7,0,0,1,3,0,78192,362166,557730,595987,710184,636396,521901,395278,250979,33,0.100148188374705,0.655236048240901,0.901867186704117,0.866767888748787,0.905662109773516,1,1,1,1,Inf,45,15,16,18,8,1,2,1,2,0,72391,353003,549450,588823,704455,633667,519496,393620,248627,20,0.0927182768650666,0.638658214015624,0.888478162793067,0.856348995123597,0.898356202815752,0.997564600276442,1,1,1,Inf,113
-856336.314876336,7036491.65084485,2024/05/12 23:00:00+00,2023-W09,327,189,138,0,0,324,1,0,122,23,19,16,13,4,3,3,0,0,78314,362189,557749,596003,710197,636400,521904,395281,250979,33,0.100304445779321,0.655277660178823,0.90189791030971,0.866791158192953,0.905678688022852,1,1,1,1,Inf,33,29,23,19,13,2,1,3,1,0,72424,353032,549473,588842,704468,633669,519497,393623,248628,20,0.0927605432122168,0.6387106812417,0.888515354526153,0.856376627588544,0.898372781065089,0.997567748821657,1,1,1,Inf,114
-856336.314876336,7036491.65084485,2024/05/12 23:00:00+00,2023-W10,214,112,102,0,0,213,0,1,66,12,15,11,7,5,1,1,0,0,78380,362201,557764,596014,710204,636405,521905,395282,250979,33,0.100388978473621,0.65529937075513,0.90192216578781,0.866807155935817,0.905687614772495,1,1,1,1,Inf,30,16,23,12,9,2,3,1,0,0,72454,353048,549496,588854,704477,633671,519500,393624,248628,20,0.0927989671641715,0.638739628676777,0.888552546259239,0.856394079671668,0.89838425831463,0.997570897366872,1,1,1,Inf,115
-856336.314876336,7036491.65084485,2024/05/12 23:00:00+00,2023-W11,206,114,92,0,0,204,0,1,34,11,13,17,8,1,1,0,2,0,78414,362212,557777,596031,710212,636406,521906,395282,250981,33,0.10043252561917,0.655319272116745,0.901943187202163,0.866831879720243,0.905697816772087,1,1,1,1,Inf,60,16,16,15,7,0,1,1,3,0,72514,353064,549512,588869,704484,633671,519501,393625,248631,20,0.0928758150680808,0.638768576111853,0.888578418769212,0.856415894775573,0.898393185064273,0.997570897366872,1,1,1,Inf,116
-856336.314876336,7036491.65084485,2024/05/12 23:00:00+00,2023-W12,249,132,117,0,0,245,0,1,36,9,28,8,5,5,6,0,1,0,78450,362221,557805,596039,710217,636411,521912,395282,250982,33,0.100478634361516,0.655335555048975,0.901988464094616,0.866843514442326,0.905704193021832,1,1,1,1,Inf,82,19,15,13,13,3,3,2,1,0,72596,353083,549527,588882,704497,633674,519504,393627,248632,20,0.092980840536757,0.638802951191006,0.888602674247312,0.856434801198958,0.898409763313609,0.997575620184694,1,1,1,Inf,117
-856336.314876336,7036491.65084485,2024/05/12 23:00:00+00,2023-W13,243,107,136,0,0,239,1,1,50,10,14,12,3,2,0,1,2,0,78500,362231,557819,596051,710220,636413,521912,395283,250984,33,0.10054267428144,0.655353647195898,0.902011102540842,0.86686096652545,0.905708018771679,1,1,1,1,Inf,82,22,19,12,8,4,1,2,0,0,72678,353105,549546,588894,704505,633678,519505,393629,248632,20,0.0930858660054331,0.638842753914236,0.888633397852905,0.856452253282082,0.898419965313201,0.997581917275123,1,1,1,Inf,118
-856336.314876336,7036491.65084485,2024/05/12 23:00:00+00,2023-W14,224,110,114,0,0,222,0,0,44,8,16,14,13,1,3,0,2,0,78544,362239,557835,596065,710233,636414,521915,395283,250986,33,0.100599029410974,0.655368120913436,0.902036975050815,0.866881327289095,0.905724597021016,1,1,1,1,Inf,67,12,18,16,2,4,1,3,0,0,72745,353117,549564,588910,704507,633682,519506,393632,248632,20,0.093171679498132,0.638864464490543,0.888662504426625,0.856475522726248,0.898422515813099,0.997588214365552,1,1,1,Inf,119
-856336.314876336,7036491.65084485,2024/05/12 23:00:00+00,2023-W15,148,79,69,0,0,147,0,1,25,9,10,9,4,3,0,1,0,0,78569,362248,557845,596074,710237,636417,521915,395284,250986,33,0.100631049370936,0.655384403845667,0.902053145369548,0.866894416351438,0.905729698020812,1,1,1,1,Inf,40,11,13,12,5,2,3,0,1,0,72785,353128,549577,588922,704512,633684,519509,393632,248633,20,0.0932229114340715,0.638884365852158,0.888683525840978,0.856492974809372,0.898428892062844,0.997591362910767,1,1,1,Inf,120
-856336.314876336,7036491.65084485,2024/05/12 23:00:00+00,2023-W16,186,95,91,0,0,182,0,1,37,4,20,13,6,0,1,2,0,0,78606,362252,557865,596087,710243,636417,521916,395286,250986,33,0.10067843891168,0.655391640704436,0.902085486007015,0.866913322774823,0.905737349520506,1,1,1,1,Inf,52,6,20,15,4,4,1,1,0,0,72837,353134,549597,588937,704516,633688,519510,393633,248633,20,0.093289512950793,0.638895221140312,0.888715866478444,0.856514789913278,0.89843399306264,0.997597660001196,1,1,1,Inf,121
-856336.314876336,7036491.65084485,2024/05/12 23:00:00+00,2023-W17,133,69,64,0,0,131,0,0,29,8,11,10,7,2,1,2,1,0,78635,362260,557876,596097,710250,636419,521917,395288,250987,33,0.100715582065236,0.655406114421974,0.902103273357621,0.866927866177427,0.905746276270149,1,1,1,1,Inf,28,2,10,11,9,0,0,1,1,0,72865,353136,549607,588948,704525,633688,519510,393634,248634,20,0.0933253753059507,0.638898839569696,0.888732036797177,0.856530787656142,0.898445470312181,0.997597660001196,1,1,1,Inf,122
-856336.314876336,7036491.65084485,2024/05/12 23:00:00+00,2023-W18,108,58,50,0,0,104,0,0,16,3,7,2,6,3,2,8,3,0,78651,362263,557883,596099,710256,636422,521919,395296,250990,33,0.100736074839612,0.655411542066051,0.902114592580734,0.866930774857947,0.905753927769843,1,1,1,1,Inf,32,9,7,3,3,4,0,0,0,0,72897,353145,549614,588951,704528,633692,519510,393634,248634,20,0.0933663608547024,0.638915122501927,0.888743356020291,0.856535150676923,0.898449296062028,0.997603957091626,1,1,1,Inf,123
-856336.314876336,7036491.65084485,2024/05/12 23:00:00+00,2023-W19,125,63,62,0,0,125,0,0,27,4,1,4,3,4,8,17,10,0,78678,362267,557884,596103,710259,636426,521927,395313,251000,33,0.100770656396371,0.65541877892482,0.902116209612608,0.866936592218989,0.90575775351969,1,1,1,1,Inf,25,6,6,7,0,1,1,1,0,0,72922,353151,549620,588958,704528,633693,519511,393635,248634,20,0.0933983808146646,0.63892597779008,0.88875305821153,0.856545331058745,0.898449296062028,0.997605531364233,1,1,1,Inf,124
-856336.314876336,7036491.65084485,2024/05/12 23:00:00+00,2023-W20,146,78,68,0,0,143,0,1,20,3,5,6,2,5,5,32,19,0,78698,362270,557889,596109,710261,636431,521932,395345,251019,33,0.100796272364341,0.655424206568897,0.902124294771974,0.866945318260551,0.905760304019588,1,1,1,1,Inf,26,7,3,2,4,2,3,1,1,0,72948,353158,549623,588960,704532,633695,519514,393636,248635,20,0.0934316815730254,0.638938642292926,0.88875790930715,0.856548239739266,0.898454397061824,0.997608679909448,1,1,1,Inf,125
-856336.314876336,7036491.65084485,2024/05/12 23:00:00+00,2023-W21,153,67,86,0,0,152,0,1,18,1,4,3,1,3,5,50,33,0,78716,362271,557893,596112,710262,636434,521937,395395,251052,33,0.100819326735514,0.655426015783589,0.902130762899467,0.866949681281332,0.905761579269537,1,1,1,1,Inf,24,2,1,0,2,2,0,1,3,0,72972,353160,549624,588960,704534,633697,519514,393637,248638,20,0.0934624207345891,0.638942260722311,0.888759526339024,0.856548239739266,0.898456947561722,0.997611828454663,1,1,1,Inf,126
-856336.314876336,7036491.65084485,2024/05/12 23:00:00+00,2023-W22,127,74,53,0,0,126,0,0,8,3,6,3,2,1,8,35,21,0,78724,362274,557899,596115,710264,636435,521945,395430,251073,33,0.100829573122702,0.655431443427666,0.902140465090707,0.866954044302113,0.905764129769435,1,1,1,1,Inf,12,5,8,5,4,0,2,2,2,0,72984,353165,549632,588965,704538,633697,519516,393639,248640,20,0.093477790315371,0.638951306795772,0.88877246259401,0.856555511440568,0.898462048561518,0.997611828454663,1,1,1,Inf,127
-856336.314876336,7036491.65084485,2024/05/12 23:00:00+00,2023-W23,83,46,37,0,1,82,0,0,18,1,4,2,3,2,2,7,13,0,78742,362275,557903,596117,710267,636437,521947,395437,251086,33,0.100852627493875,0.655433252642358,0.902146933218201,0.866956952982634,0.905767955519282,1,1,1,1,Inf,15,6,0,5,1,1,1,2,0,0,72999,353171,549632,588970,704539,633698,519517,393641,248640,20,0.0934970022913483,0.638962162083926,0.88877246259401,0.856562783141869,0.898463323811467,0.99761340272727,1,1,1,Inf,128
-856336.314876336,7036491.65084485,2024/05/12 23:00:00+00,2023-W24,97,47,50,0,0,97,0,0,17,0,1,2,3,2,2,26,11,0,78759,362275,557904,596119,710270,636439,521949,395463,251097,33,0.100874401066649,0.655433252642358,0.902148550250074,0.866959861663154,0.905771781269129,1,1,1,1,Inf,21,5,0,2,1,1,1,0,2,0,73020,353176,549632,588972,704540,633699,519518,393641,248642,20,0.0935238990577166,0.638971208157387,0.88877246259401,0.85656569182239,0.898464599061416,0.997614976999877,1,1,1,Inf,129
-856336.314876336,7036491.65084485,2024/05/12 23:00:00+00,2023-W25,51,21,30,0,0,50,1,0,8,5,3,2,1,0,0,4,2,0,78767,362280,557907,596121,710271,636439,521949,395467,251099,33,0.100884647453837,0.655442298715819,0.902153401345694,0.866962770343675,0.905773056519078,1,1,1,1,Inf,15,2,5,1,0,1,0,1,1,0,73035,353178,549637,588973,704540,633700,519518,393642,248643,20,0.093543111033694,0.638974826586772,0.888780547753377,0.856567146162651,0.898464599061416,0.997616551272484,1,1,1,Inf,130
-856336.314876336,7036491.65084485,2024/05/12 23:00:00+00,2023-W26,54,24,30,0,0,51,1,2,7,2,2,2,1,0,0,2,3,0,78774,362282,557909,596123,710272,636439,521949,395469,251102,33,0.100893613042626,0.655445917145204,0.902156635409441,0.866965679024196,0.905774331769027,1,1,1,1,Inf,26,4,1,3,1,0,0,0,0,0,73061,353182,549638,588976,704541,633700,519518,393642,248643,20,0.0935764117920547,0.638982063445541,0.88878216478525,0.856571509183432,0.898465874311365,0.997616551272484,1,1,1,Inf,131
-856336.314876336,7036491.65084485,2024/05/12 23:00:00+00,2023-W27,38,25,13,0,0,37,0,1,5,1,1,1,1,1,1,2,5,0,78779,362283,557910,596124,710273,636440,521950,395471,251107,33,0.100900017034619,0.655447726359896,0.902158252441314,0.866967133364456,0.905775607018976,1,1,1,1,Inf,9,1,2,0,1,1,5,1,0,0,73070,353183,549640,588976,704542,633701,519523,393643,248643,20,0.0935879389776411,0.638983872660233,0.888785398848997,0.856571509183432,0.898467149561314,0.997618125545092,1,1,1,Inf,132
-856336.314876336,7036491.65084485,2024/05/12 23:00:00+00,2023-W28,48,14,34,0,0,48,0,0,9,3,3,3,0,1,0,0,2,0,78788,362286,557913,596127,710273,636441,521950,395471,251109,33,0.100911544220205,0.655453154003973,0.902163103536934,0.866971496385237,0.905775607018976,1,1,1,1,Inf,15,4,1,3,3,0,0,0,1,0,73085,353187,549641,588979,704545,633701,519523,393643,248644,20,0.0936071509536184,0.638991109519002,0.88878701588087,0.856575872204213,0.898470975311161,0.997618125545092,1,1,1,Inf,133
-856336.314876336,7036491.65084485,2024/05/12 23:00:00+00,2023-W29,28,11,17,0,0,28,0,0,9,0,2,1,0,0,1,0,0,0,78797,362286,557915,596128,710273,636441,521951,395471,251109,33,0.100923071405792,0.655453154003973,0.90216633760068,0.866972950725498,0.905775607018976,1,1,1,1,Inf,11,2,0,1,1,0,0,0,0,0,73096,353189,549641,588980,704546,633701,519523,393643,248644,20,0.0936212397360018,0.638994727948387,0.88878701588087,0.856577326544473,0.89847225056111,0.997618125545092,1,1,1,Inf,134
-856336.314876336,7036491.65084485,2024/05/12 23:00:00+00,2023-W30,37,18,19,0,0,35,0,1,8,2,2,2,1,0,0,1,1,0,78805,362288,557917,596130,710274,636441,521951,395472,251110,33,0.100933317792979,0.655456772433358,0.902169571664427,0.866975859406018,0.905776882268925,1,1,1,1,Inf,14,0,2,2,0,0,1,0,1,0,73110,353189,549643,588982,704546,633701,519524,393643,248645,20,0.0936391709135807,0.638994727948387,0.888790249944617,0.856580235224994,0.89847225056111,0.997618125545092,1,1,1,Inf,135
-856336.314876336,7036491.65084485,2024/05/12 23:00:00+00,2023-W31,29,16,13,0,0,28,0,1,9,2,3,1,1,2,1,1,0,0,78814,362290,557920,596131,710275,636443,521952,395473,251110,33,0.100944844978566,0.655460390862742,0.902174422760047,0.866977313746279,0.905778157518874,1,1,1,1,Inf,6,0,2,1,0,0,0,0,0,0,73116,353189,549645,588983,704546,633701,519524,393643,248645,20,0.0936468557039716,0.638994727948387,0.888793484008363,0.856581689565254,0.89847225056111,0.997618125545092,1,1,1,Inf,136
-856336.314876336,7036491.65084485,2024/05/12 23:00:00+00,2023-W32,18,10,8,0,0,18,0,0,6,1,2,0,2,0,0,0,0,0,78820,362291,557922,596131,710277,636443,521952,395473,251110,33,0.100952529768957,0.655462200077434,0.902177656823794,0.866977313746279,0.905780708018772,1,1,1,1,Inf,6,0,0,1,0,0,0,0,0,0,73122,353189,549645,588984,704546,633701,519524,393643,248645,20,0.0936545404943626,0.638994727948387,0.888793484008363,0.856583143905514,0.89847225056111,0.997618125545092,1,1,1,Inf,137
-856336.314876336,7036491.65084485,2024/05/12 23:00:00+00,2023-W33,53,29,24,0,0,53,0,0,28,0,1,3,1,0,1,0,1,0,78848,362291,557923,596134,710278,636443,521953,395473,251111,33,0.100988392124114,0.655462200077434,0.902179273855667,0.86698167676706,0.905781983268721,1,1,1,1,Inf,16,1,1,0,0,0,0,0,0,0,73138,353190,549646,588984,704546,633701,519524,393643,248645,20,0.0936750332687384,0.638996537163079,0.888795101040237,0.856583143905514,0.89847225056111,0.997618125545092,1,1,1,Inf,138
-856336.314876336,7036491.65084485,2024/05/12 23:00:00+00,2023-W34,34,18,16,0,0,34,0,0,19,0,1,2,0,1,1,0,1,0,78867,362291,557924,596136,710278,636444,521954,395473,251112,33,0.101012727293686,0.655462200077434,0.90218089088754,0.866984585447581,0.905781983268721,1,1,1,1,Inf,5,0,1,2,0,0,1,0,0,0,73143,353190,549647,588986,704546,633701,519525,393643,248645,20,0.0936814372607308,0.638996537163079,0.88879671807211,0.856586052586035,0.89847225056111,0.997618125545092,1,1,1,Inf,139
-856336.314876336,7036491.65084485,2024/05/12 23:00:00+00,2023-W35,26,15,11,0,0,26,0,0,17,0,2,0,0,1,0,0,0,0,78884,362291,557926,596136,710278,636445,521954,395473,251112,33,0.10103450086646,0.655462200077434,0.902184124951287,0.866984585447581,0.905781983268721,1,1,1,1,Inf,5,0,1,0,0,0,0,0,0,0,73148,353190,549648,588986,704546,633701,519525,393643,248645,20,0.0936878412527233,0.638996537163079,0.888798335103983,0.856586052586035,0.89847225056111,0.997618125545092,1,1,1,Inf,140
-856336.314876336,7036491.65084485,2024/05/12 23:00:00+00,2023-W36,47,21,26,0,0,47,0,0,21,2,2,0,1,1,0,0,0,0,78905,362293,557928,596136,710279,636446,521954,395473,251112,33,0.101061397632828,0.655465818506819,0.902187359015034,0.866984585447581,0.90578325851867,1,1,1,1,Inf,14,0,2,2,2,0,0,0,0,0,73162,353190,549650,588988,704548,633701,519525,393643,248645,20,0.0937057724303021,0.638996537163079,0.88880156916773,0.856588961266556,0.898474801061008,0.997618125545092,1,1,1,Inf,141
-856336.314876336,7036491.65084485,2024/05/12 23:00:00+00,2023-W37,46,31,15,0,0,46,0,0,21,0,0,0,0,1,1,2,0,0,78926,362293,557928,596136,710279,636447,521955,395475,251112,33,0.101088294399197,0.655465818506819,0.902187359015034,0.866984585447581,0.90578325851867,1,1,1,1,Inf,15,0,5,0,0,0,1,0,0,0,73177,353190,549655,588988,704548,633701,519526,393643,248645,20,0.0937249844062795,0.638996537163079,0.888809654327096,0.856588961266556,0.898474801061008,0.997618125545092,1,1,1,Inf,142
-856336.314876336,7036491.65084485,2024/05/12 23:00:00+00,2023-W38,41,26,15,0,0,41,0,0,11,2,4,3,1,1,0,1,0,0,78937,362295,557932,596139,710280,636448,521955,395476,251112,33,0.10110238318158,0.655469436936204,0.902193827142527,0.866988948468362,0.905784533768619,1,1,1,1,Inf,12,1,2,3,0,0,0,0,0,0,73189,353191,549657,588991,704548,633701,519526,393643,248645,20,0.0937403539870614,0.638998346377771,0.888812888390843,0.856593324287337,0.898474801061008,0.997618125545092,1,1,1,Inf,143
-856336.314876336,7036491.65084485,2024/05/12 23:00:00+00,2023-W39,27,13,14,0,0,27,0,0,8,1,1,0,1,3,0,1,1,0,78945,362296,557933,596139,710281,636451,521955,395477,251113,33,0.101112629568768,0.655471246150896,0.9021954441744,0.866988948468362,0.905785809018568,1,1,1,1,Inf,7,0,2,1,1,0,0,0,0,0,73196,353191,549659,588992,704549,633701,519526,393643,248645,20,0.0937493195758508,0.638998346377771,0.88881612245459,0.856594778627597,0.898476076310957,0.997618125545092,1,1,1,Inf,144
-856336.314876336,7036491.65084485,2024/05/12 23:00:00+00,2023-W40,74,34,40,0,1,72,0,1,24,6,1,4,2,5,4,4,3,0,78969,362302,557934,596143,710283,636456,521959,395481,251116,33,0.101143368730332,0.655482101439049,0.902197061206273,0.866994765829403,0.905788359518466,1,1,1,1,Inf,18,1,1,0,1,0,0,0,0,0,73214,353192,549660,588992,704550,633701,519526,393643,248645,20,0.0937723739470236,0.639000155592463,0.888817739486463,0.856594778627597,0.898477351560906,0.997618125545092,1,1,1,Inf,145
-856336.314876336,7036491.65084485,2024/05/12 23:00:00+00,2023-W41,82,40,42,0,0,81,0,1,24,3,2,4,2,6,9,6,9,0,78993,362305,557936,596147,710285,636462,521968,395487,251125,33,0.101174107891895,0.655487529083126,0.90220029527002,0.867000583190444,0.905790910018364,1,1,1,1,Inf,10,1,0,0,1,2,1,0,2,0,73224,353193,549660,588992,704551,633703,519527,393643,248647,20,0.0937851819310085,0.639001964807156,0.888817739486463,0.856594778627597,0.898478626810855,0.997621274090307,1,1,1,Inf,146
-856336.314876336,7036491.65084485,2024/05/12 23:00:00+00,2023-W42,66,33,33,0,0,66,0,0,10,1,5,5,4,6,7,7,4,0,79003,362306,557941,596152,710289,636468,521975,395494,251129,33,0.10118691587588,0.655489338297818,0.902208380429387,0.867007854891746,0.90579601101816,1,1,1,1,Inf,9,0,4,2,0,0,1,0,1,0,73233,353193,549664,588994,704551,633703,519528,393643,248648,20,0.0937967091165949,0.639001964807156,0.888824207613956,0.856597687308118,0.898478626810855,0.997621274090307,1,1,1,Inf,147
-856336.314876336,7036491.65084485,2024/05/12 23:00:00+00,2023-W43,76,41,35,0,0,75,1,0,13,6,5,9,0,8,6,9,7,0,79016,362312,557946,596161,710289,636476,521981,395503,251136,33,0.101203566255061,0.655500193585972,0.902216465588753,0.867020943954089,0.90579601101816,1,1,1,1,Inf,6,0,2,3,1,1,0,0,0,0,73239,353193,549666,588997,704552,633704,519528,393643,248648,20,0.0938043939069859,0.639001964807156,0.888827441677703,0.856602050328899,0.898479902060804,0.997622848362914,1,1,1,Inf,148
-856336.314876336,7036491.65084485,2024/05/12 23:00:00+00,2023-W44,66,33,33,0,0,66,0,0,21,0,4,1,0,3,2,3,2,0,79037,362312,557950,596162,710289,636479,521983,395506,251138,33,0.101230463021429,0.655500193585972,0.902222933716247,0.86702239829435,0.90579601101816,1,1,1,1,Inf,18,2,3,1,2,2,0,1,1,0,73257,353195,549669,588998,704554,633706,519528,393644,248649,20,0.0938274482781587,0.63900558323654,0.888832292773323,0.856603504669159,0.898482452560702,0.997625996908129,1,1,1,Inf,149
-856336.314876336,7036491.65084485,2024/05/12 23:00:00+00,2023-W45,61,29,32,0,0,61,0,0,12,2,1,3,2,2,4,4,0,0,79049,362314,557951,596165,710291,636481,521987,395510,251138,33,0.101245832602211,0.655503812015357,0.90222455074812,0.867026761315131,0.905798561518057,1,1,1,1,Inf,22,1,2,1,1,0,2,1,1,0,73279,353196,549671,588999,704555,633706,519530,393645,248650,20,0.0938556258429254,0.639007392451233,0.888835526837069,0.85660495900942,0.898483727810651,0.997625996908129,1,1,1,Inf,150
-856336.314876336,7036491.65084485,2024/05/12 23:00:00+00,2023-W46,56,29,27,0,0,56,0,0,11,7,3,1,1,3,3,3,5,0,79060,362321,557954,596166,710292,636484,521990,395513,251143,33,0.101259921384594,0.655516476518203,0.90222940184374,0.867028215655391,0.905799836768007,1,1,1,1,Inf,11,1,3,1,0,1,1,1,0,0,73290,353197,549674,589000,704555,633707,519531,393646,248650,20,0.0938697146253088,0.639009201665925,0.888840377932689,0.85660641334968,0.898483727810651,0.997627571180736,1,1,1,Inf,151
-856336.314876336,7036491.65084485,2024/05/12 23:00:00+00,2023-W47,53,31,22,0,1,52,0,0,5,1,6,12,7,2,1,0,1,0,79065,362322,557960,596178,710299,636486,521991,395513,251144,33,0.101266325376587,0.655518285732895,0.90223910403498,0.867045667738515,0.905808763517649,1,1,1,1,Inf,12,2,0,1,1,1,0,1,0,0,73302,353199,549674,589001,704556,633708,519531,393647,248650,20,0.0938850842060907,0.639012820095309,0.888840377932689,0.85660786768994,0.8984850030606,0.997629145453343,1,1,1,Inf,152
-856336.314876336,7036491.65084485,2024/05/12 23:00:00+00,2023-W48,66,29,37,0,0,66,0,0,19,1,1,6,5,4,2,1,0,0,79084,362323,557961,596184,710304,636490,521993,395514,251144,33,0.101290660546158,0.655520094947587,0.902240721066853,0.867054393780078,0.905815139767394,1,1,1,1,Inf,22,0,1,0,0,2,2,0,0,0,73324,353199,549675,589001,704556,633710,519533,393647,248650,20,0.0939132617708575,0.639012820095309,0.888841994964563,0.85660786768994,0.8984850030606,0.997632293998558,1,1,1,Inf,153
-856336.314876336,7036491.65084485,2024/05/12 23:00:00+00,2023-W49,53,28,25,0,0,53,0,0,8,1,1,4,1,3,3,4,2,0,79092,362324,557962,596188,710305,636493,521996,395518,251146,33,0.101300906933346,0.655521904162279,0.902242338098726,0.867060211141119,0.905816415017343,1,1,1,1,Inf,7,2,2,4,3,0,4,2,2,0,73331,353201,549677,589005,704559,633710,519537,393649,248652,20,0.0939222273596469,0.639016438524694,0.888845229028309,0.856613685050982,0.898488828810447,0.997632293998558,1,1,1,Inf,154
-856336.314876336,7036491.65084485,2024/05/12 23:00:00+00,2023-W50,58,36,22,0,0,57,0,0,15,2,5,2,3,4,1,1,4,0,79107,362326,557967,596190,710308,636497,521997,395519,251150,33,0.101320118909323,0.655525522591664,0.902250423258093,0.86706311982164,0.90582024076719,1,1,1,1,Inf,5,1,3,2,1,4,1,3,1,0,73336,353202,549680,589007,704560,633714,519538,393652,248653,20,0.0939286313516394,0.639018247739386,0.888850080123929,0.856616593731503,0.898490104060396,0.997638591088987,1,1,1,Inf,155
-856336.314876336,7036491.65084485,2024/05/12 23:00:00+00,2023-W51,32,16,16,0,0,32,0,0,6,0,0,0,1,4,1,2,0,0,79113,362326,557967,596190,710309,636501,521998,395521,251150,33,0.101327803699714,0.655525522591664,0.902250423258093,0.86706311982164,0.905821516017139,1,1,1,1,Inf,15,1,0,0,1,1,0,0,0,0,73351,353203,549680,589007,704561,633715,519538,393652,248653,20,0.0939478433276167,0.639020056954078,0.888850080123929,0.856616593731503,0.898491379310345,0.997640165361595,1,1,1,Inf,156
-856336.314876336,7036491.65084485,2024/05/12 23:00:00+00,2023-W52,30,16,14,0,0,30,0,0,12,0,1,0,0,1,0,0,0,0,79125,362326,557968,596190,710309,636502,521998,395521,251150,33,0.101343173280496,0.655525522591664,0.902252040289966,0.86706311982164,0.905821516017139,1,1,1,1,Inf,5,5,0,3,0,2,1,0,0,0,73356,353208,549680,589010,704561,633717,519539,393652,248653,20,0.0939542473196091,0.63902910302754,0.888850080123929,0.856620956752284,0.898491379310345,0.997643313906809,1,1,1,Inf,157
-856336.314876336,7036491.65084485,2024/05/12 23:00:00+00,2024-W01,47,27,20,0,0,47,0,0,22,1,5,3,1,0,1,0,0,0,79147,362327,557973,596193,710310,636502,521999,395521,251150,33,0.101371350845263,0.655527331806356,0.902260125449333,0.867067482842421,0.905822791267088,1,1,1,1,Inf,9,0,1,2,1,0,1,0,0,0,73365,353208,549681,589012,704562,633717,519540,393652,248653,20,0.0939657745051956,0.63902910302754,0.888851697155803,0.856623865432804,0.898492654560294,0.997643313906809,1,1,1,Inf,158
-856336.314876336,7036491.65084485,2024/05/12 23:00:00+00,2024-W02,56,28,28,0,0,56,0,0,11,0,7,5,3,4,1,1,0,0,79158,362327,557980,596198,710313,636506,522000,395522,251150,33,0.101385439627646,0.655527331806356,0.902271444672446,0.867074754543723,0.905826617016935,1,1,1,1,Inf,10,0,1,2,2,3,1,2,3,0,73375,353208,549682,589014,704564,633720,519541,393654,248656,20,0.0939785824891805,0.63902910302754,0.888853314187676,0.856626774113325,0.898495205060192,0.997648036724631,1,1,1,Inf,159
-856336.314876336,7036491.65084485,2024/05/12 23:00:00+00,2024-W03,28,16,12,0,0,28,0,0,4,0,2,1,1,0,1,2,1,0,79162,362327,557982,596199,710314,636506,522001,395524,251151,33,0.10139056282124,0.655527331806356,0.902274678736193,0.867076208883983,0.905827892266884,1,1,1,1,Inf,8,1,1,1,1,1,2,1,0,0,73383,353209,549683,589015,704565,633721,519543,393655,248656,20,0.0939888288763684,0.639030912242232,0.888854931219549,0.856628228453585,0.898496480310141,0.997649610997239,1,1,1,Inf,160
-856336.314876336,7036491.65084485,2024/05/12 23:00:00+00,2024-W04,30,16,14,0,0,30,0,0,2,0,2,3,1,1,2,1,1,0,79164,362327,557984,596202,710315,636507,522003,395525,251152,33,0.101393124418037,0.655527331806356,0.902277912799939,0.867080571904764,0.905829167516833,1,1,1,1,Inf,4,0,3,2,1,2,0,3,2,0,73387,353209,549686,589017,704566,633723,519543,393658,248658,20,0.0939939520699623,0.639030912242232,0.888859782315169,0.856631137134106,0.89849775556009,0.997652759542453,1,1,1,Inf,161
-856336.314876336,7036491.65084485,2024/05/12 23:00:00+00,2024-W05,24,17,7,0,0,24,0,0,5,1,1,1,0,0,1,3,0,0,79169,362328,557985,596203,710315,636507,522004,395528,251152,33,0.10139952841003,0.655529141021048,0.902279529831812,0.867082026245024,0.905829167516833,1,1,1,1,Inf,5,0,2,1,2,1,1,0,0,0,73392,353209,549688,589018,704568,633724,519544,393658,248658,20,0.0940003560619548,0.639030912242232,0.888863016378916,0.856632591474367,0.898500306059988,0.997654333815061,1,1,1,Inf,162
-856336.314876336,7036491.65084485,2024/05/12 23:00:00+00,2024-W06,25,9,16,0,0,25,0,0,7,2,2,0,0,0,0,0,0,0,79176,362330,557987,596203,710315,636507,522004,395528,251152,33,0.101408493998819,0.655532759450433,0.902282763895559,0.867082026245024,0.905829167516833,1,1,1,1,Inf,7,0,2,0,0,3,1,1,0,0,73399,353209,549690,589018,704568,633727,519545,393659,248658,20,0.0940093216507442,0.639030912242232,0.888866250442662,0.856632591474367,0.898500306059988,0.997659056632883,1,1,1,Inf,163
-856336.314876336,7036491.65084485,2024/05/12 23:00:00+00,2024-W07,52,25,27,0,0,52,0,0,3,6,3,7,2,2,3,0,0,0,79179,362336,557990,596210,710317,636509,522007,395528,251152,33,0.101412336394015,0.655543614738587,0.902287614991179,0.867092206626847,0.905831718016731,1,1,1,1,Inf,16,1,2,3,1,1,0,2,0,0,73415,353210,549692,589021,704569,633728,519545,393661,248658,20,0.09402981442512,0.639032721456924,0.888869484506409,0.856636954495148,0.898501581309937,0.99766063090549,1,1,1,Inf,164
-856336.314876336,7036491.65084485,2024/05/12 23:00:00+00,2024-W08,14,5,9,0,0,14,0,0,4,0,2,1,2,0,0,1,1,0,79183,362336,557992,596211,710319,636509,522007,395529,251153,33,0.101417459587609,0.655543614738587,0.902290849054926,0.867093660967107,0.905834268516629,1,1,1,1,Inf,2,0,0,0,0,0,1,0,0,0,73417,353210,549692,589021,704569,633728,519546,393661,248658,20,0.094032376021917,0.639032721456924,0.888869484506409,0.856636954495148,0.898501581309937,0.99766063090549,1,1,1,Inf,165
-856336.314876336,7036491.65084485,2024/05/12 23:00:00+00,2024-W09,22,10,12,0,0,21,0,0,2,1,2,0,0,0,0,0,0,0,79185,362337,557994,596211,710319,636509,522007,395529,251153,33,0.101420021184406,0.655545423953279,0.902294083118672,0.867093660967107,0.905834268516629,1,1,1,1,Inf,9,1,2,2,1,0,1,1,0,0,73426,353211,549694,589023,704570,633728,519547,393662,248658,20,0.0940439032075034,0.639034530671617,0.888872718570156,0.856639863175668,0.898502856559886,0.99766063090549,1,1,1,Inf,166
-856336.314876336,7036491.65084485,2024/05/12 23:00:00+00,2024-W10,22,5,17,0,0,22,0,0,1,2,3,1,1,0,0,0,0,0,79186,362339,557997,596212,710320,636509,522007,395529,251153,33,0.101421301982804,0.655549042382663,0.902298934214292,0.867095115307367,0.905835543766578,1,1,1,1,Inf,9,0,1,2,1,0,0,1,0,0,73435,353211,549695,589025,704571,633728,519547,393663,248658,20,0.0940554303930898,0.639034530671617,0.888874335602029,0.856642771856189,0.898504131809835,0.99766063090549,1,1,1,Inf,167
-856336.314876336,7036491.65084485,2024/05/12 23:00:00+00,2024-W11,12,5,7,0,0,12,0,0,3,0,1,1,0,0,0,0,0,0,79189,362339,557998,596213,710320,636509,522007,395529,251153,33,0.101425144377999,0.655549042382663,0.902300551246166,0.867096569647628,0.905835543766578,1,1,1,1,Inf,5,0,0,1,0,0,1,0,0,0,73440,353211,549695,589026,704571,633728,519548,393663,248658,20,0.0940618343850823,0.639034530671617,0.888874335602029,0.856644226196449,0.898504131809835,0.99766063090549,1,1,1,Inf,168
-856336.314876336,7036491.65084485,2024/05/12 23:00:00+00,2024-W12,12,5,7,0,0,11,0,0,0,0,1,3,0,0,0,0,0,0,79189,362339,557999,596216,710320,636509,522007,395529,251153,33,0.101425144377999,0.655549042382663,0.902302168278039,0.867100932668409,0.905835543766578,1,1,1,1,Inf,2,0,1,3,0,0,2,0,0,0,73442,353211,549696,589029,704571,633728,519550,393663,248658,20,0.0940643959818793,0.639034530671617,0.888875952633902,0.85664858921723,0.898504131809835,0.99766063090549,1,1,1,Inf,169
-856336.314876336,7036491.65084485,2024/05/12 23:00:00+00,2024-W13,19,10,9,0,0,19,0,0,7,0,2,0,1,0,1,0,0,0,79196,362339,558001,596216,710321,636509,522008,395529,251153,33,0.101434109966789,0.655549042382663,0.902305402341786,0.867100932668409,0.905836819016527,1,1,1,1,Inf,6,0,1,1,0,0,0,0,0,0,73448,353211,549697,589030,704571,633728,519550,393663,248658,20,0.0940720807722702,0.639034530671617,0.888877569665776,0.856650043557491,0.898504131809835,0.99766063090549,1,1,1,Inf,170
-856336.314876336,7036491.65084485,2024/05/12 23:00:00+00,2024-W14,4,3,1,0,0,4,0,0,,,,,,,,,,,,,,,,,,,,,,,,,,,,,,,3,1,0,0,0,0,0,0,0,0,73451,353212,549697,589030,704571,633728,519550,393663,248658,20,0.0940759231674657,0.639036339886309,0.888877569665776,0.856650043557491,0.898504131809835,0.99766063090549,1,1,1,Inf,171
-856336.314876336,7036491.65084485,2024/05/12 23:00:00+00,2024-W15,18,6,12,0,0,18,0,0,2,1,0,0,1,0,3,4,1,0,79198,362340,558001,596216,710322,636509,522011,395533,251154,33,0.101436671563586,0.655550851597356,0.902305402341786,0.867100932668409,0.905838094266476,1,1,1,1,Inf,4,0,2,0,0,0,0,0,0,0,73455,353212,549699,589030,704571,633728,519550,393663,248658,20,0.0940810463610596,0.639036339886309,0.888880803729522,0.856650043557491,0.898504131809835,0.99766063090549,1,1,1,Inf,172
-856336.314876336,7036491.65084485,2024/05/12 23:00:00+00,2024-W16,3,0,3,0,0,3,0,0,0,0,0,1,0,1,0,0,0,0,79198,362340,558001,596217,710322,636510,522011,395533,251154,33,0.101436671563586,0.655550851597356,0.902305402341786,0.867102387008669,0.905838094266476,1,1,1,1,Inf,1,0,0,0,0,0,0,0,0,0,73456,353212,549699,589030,704571,633728,519550,393663,248658,20,0.0940823271594581,0.639036339886309,0.888880803729522,0.856650043557491,0.898504131809835,0.99766063090549,1,1,1,Inf,173
-856336.314876336,7036491.65084485,2024/05/12 23:00:00+00,2024-W17,165,96,69,0,0,164,0,0,3,0,5,4,16,18,28,42,46,0,79201,362340,558006,596221,710338,636528,522039,395575,251200,33,0.101440513958781,0.655550851597356,0.902313487501152,0.867108204369711,0.90585849826566,1,1,1,1,Inf,2,0,0,1,0,0,0,0,0,0,73458,353212,549699,589031,704571,633728,519550,393663,248658,20,0.0940848887562551,0.639036339886309,0.888880803729522,0.856651497897751,0.898504131809835,0.99766063090549,1,1,1,Inf,174
-856336.314876336,7036491.65084485,2024/05/12 23:00:00+00,2024-W18,188,91,97,0,0,187,0,0,6,0,0,4,3,7,17,55,95,0,79207,362340,558006,596225,710341,636535,522056,395630,251295,33,0.101448198749172,0.655550851597356,0.902313487501152,0.867114021730752,0.905862324015507,1,1,1,1,Inf,0,0,0,0,0,0,1,0,0,0,73458,353212,549699,589031,704571,633728,519551,393663,248658,20,0.0940848887562551,0.639036339886309,0.888880803729522,0.856651497897751,0.898504131809835,0.99766063090549,1,1,1,Inf,175
