X,Y,OBJECTID,Date,SUM_number_of_confirmed_covid_1,SUM_no_new_admissions_covid19_p,SUM_no_discharges_covid19_posit,SUM_number_of_new_covid_19_cases_co
,,1,2020/03/07 00:00:00+00,18,,,
,,2,2020/03/08 00:00:00+00,17,,,
,,3,2020/03/09 00:00:00+00,18,,,
,,4,2020/03/10 00:00:00+00,26,,,
,,5,2020/03/11 00:00:00+00,32,,,
,,6,2020/03/12 00:00:00+00,44,,,
,,7,2020/03/13 00:00:00+00,36,,,
,,8,2020/03/14 00:00:00+00,38,,,
,,9,2020/03/15 00:00:00+00,41,,,
,,10,2020/03/16 00:00:00+00,55,,,
,,11,2020/03/17 00:00:00+00,61,,,
,,12,2020/03/18 00:00:00+00,80,,,
,,13,2020/03/19 00:00:00+00,98,,,
,,14,2020/03/20 00:00:00+00,133,,,
,,15,2020/03/21 00:00:00+00,151,,,
,,16,2020/03/22 00:00:00+00,177,,,
,,17,2020/03/23 00:00:00+00,218,,,
,,18,2020/03/24 00:00:00+00,239,,,
,,19,2020/03/25 00:00:00+00,290,,,
,,20,2020/03/26 00:00:00+00,331,,,
,,21,2020/03/27 00:00:00+00,380,,,
,,22,2020/03/28 00:00:00+00,442,,,
,,23,2020/03/29 00:00:00+00,513,,,
,,24,2020/03/30 00:00:00+00,571,,,
,,25,2020/03/31 00:00:00+00,596,,,
,,26,2020/04/01 00:00:00+00,656,,,
,,27,2020/04/02 00:00:00+00,655,0,0,
,,28,2020/04/03 00:00:00+00,704,56,47,92
,,29,2020/04/04 00:00:00+00,738,54,34,84
,,30,2020/04/05 00:00:00+00,702,56,33,82
,,31,2020/04/06 00:00:00+00,829,32,30,56
,,32,2020/04/07 00:00:00+00,828,51,75,68
,,33,2020/04/08 00:00:00+00,837,37,48,83
,,34,2020/04/09 00:00:00+00,838,57,66,103
,,35,2020/04/10 00:00:00+00,825,29,61,57
,,36,2020/04/11 00:00:00+00,856,49,45,65
,,37,2020/04/12 00:00:00+00,853,26,35,60
,,38,2020/04/13 00:00:00+00,868,32,24,47
,,39,2020/04/14 00:00:00+00,868,30,25,41
,,40,2020/04/15 00:00:00+00,881,35,53,71
,,41,2020/04/16 00:00:00+00,856,23,78,52
,,42,2020/04/17 00:00:00+00,852,47,59,52
,,43,2020/04/18 00:00:00+00,811,28,62,48
,,44,2020/04/19 00:00:00+00,816,27,29,37
,,45,2020/04/20 00:00:00+00,820,24,18,46
,,46,2020/04/21 00:00:00+00,774,21,56,38
,,47,2020/04/22 00:00:00+00,778,20,64,45
,,48,2020/04/23 00:00:00+00,742,33,49,58
,,49,2020/04/24 00:00:00+00,745,39,42,46
,,50,2020/04/25 00:00:00+00,736,33,56,37
,,51,2020/04/26 00:00:00+00,758,22,18,35
,,52,2020/04/27 00:00:00+00,771,16,19,33
,,53,2020/04/28 00:00:00+00,753,30,47,51
,,54,2020/04/29 00:00:00+00,760,46,44,45
,,55,2020/04/30 00:00:00+00,736,19,36,41
,,56,2020/05/01 00:00:00+00,740,47,59,51
,,57,2020/05/02 00:00:00+00,705,37,45,27
,,58,2020/05/03 00:00:00+00,684,13,14,13
,,59,2020/05/04 00:00:00+00,672,11,10,22
,,60,2020/05/05 00:00:00+00,680,9,11,13
,,61,2020/05/06 00:00:00+00,657,25,57,35
-6.29199999999997,-6.29199999999997,62,2020/05/07 00:00:00+00,614,15,40,24
,,63,2020/05/08 00:00:00+00,585,29,48,28
,,64,2020/05/09 00:00:00+00,539,15,61,18
,,65,2020/05/10 00:00:00+00,539,20,21,22
,,66,2020/05/11 00:00:00+00,555,12,19,15
-6.29199999999997,-6.29199999999997,67,2020/05/12 00:00:00+00,512,5,37,15
-6.29199999999997,-6.29199999999997,68,2020/05/13 00:00:00+00,486,14,36,16
-6.29199999999997,-6.29199999999997,69,2020/05/14 00:00:00+00,459,9,36,7
-6.29199999999997,-6.29199999999997,70,2020/05/15 00:00:00+00,419,8,36,8
-6.29199999999997,-6.29199999999997,71,2020/05/16 00:00:00+00,386,9,35,31
-6.29199999999997,-6.29199999999997,72,2020/05/17 00:00:00+00,395,14,11,17
-6.29199999999997,-6.29199999999997,73,2020/05/18 00:00:00+00,386,7,7,8
-6.29199999999997,-6.29199999999997,74,2020/05/19 00:00:00+00,368,10,28,10
-6.29199999999997,-6.29199999999997,75,2020/05/20 00:00:00+00,367,16,23,25
-6.29199999999997,-6.29199999999997,76,2020/05/21 00:00:00+00,315,15,36,22
-6.29199999999997,-6.29199999999997,77,2020/05/22 00:00:00+00,316,11,19,14
-6.29199999999997,-6.29199999999997,78,2020/05/23 00:00:00+00,303,7,25,10
-6.29199999999997,-6.29199999999997,79,2020/05/24 00:00:00+00,304,8,11,8
-6.29199999999997,-6.29199999999997,80,2020/05/25 00:00:00+00,305,5,12,11
-6.29199999999997,-6.29199999999997,81,2020/05/26 00:00:00+00,287,7,20,9
-6.29199999999997,-6.29199999999997,82,2020/05/27 00:00:00+00,263,16,26,10
-6.29199999999997,-6.29199999999997,83,2020/05/28 00:00:00+00,231,4,25,5
-6.29199999999997,-6.29199999999997,84,2020/05/29 00:00:00+00,197,10,20,10
-6.29199999999997,-6.29199999999997,85,2020/05/30 00:00:00+00,173,6,11,7
-6.29199999999997,-6.29199999999997,86,2020/05/31 00:00:00+00,184,5,5,6
-6.29199999999997,-6.29199999999997,87,2020/06/01 00:00:00+00,176,5,7,3
-6.29199999999997,-6.29199999999997,88,2020/06/02 00:00:00+00,194,3,2,8
-6.29199999999997,-6.29199999999997,89,2020/06/03 00:00:00+00,166,3,27,2
-6.29199999999997,-6.29199999999997,90,2020/06/04 00:00:00+00,154,5,9,3
-6.29199999999997,-6.29199999999997,91,2020/06/05 00:00:00+00,139,4,12,4
-6.29199999999997,-6.29199999999997,92,2020/06/06 00:00:00+00,122,4,12,3
-6.29199999999997,-6.29199999999997,93,2020/06/07 00:00:00+00,125,3,2,2
-6.29199999999997,-6.29199999999997,94,2020/06/08 00:00:00+00,122,6,2,5
-6.29199999999997,-6.29199999999997,95,2020/06/09 00:00:00+00,110,3,3,3
-6.29199999999997,-6.29199999999997,96,2020/06/10 00:00:00+00,102,4,13,1
-6.29199999999997,-6.29199999999997,97,2020/06/11 00:00:00+00,89,9,3,11
-6.29199999999997,-6.29199999999997,98,2020/06/12 00:00:00+00,79,3,1,4
-6.29199999999997,-6.29199999999997,99,2020/06/13 00:00:00+00,76,4,3,4
-6.29199999999997,-6.29199999999997,100,2020/06/14 00:00:00+00,81,1,1,2
-6.29199999999997,-6.29199999999997,101,2020/06/15 00:00:00+00,78,1,2,2
-6.29199999999997,-6.29199999999997,102,2020/06/16 00:00:00+00,69,7,2,1
-6.29199999999997,-6.29199999999997,103,2020/06/17 00:00:00+00,60,2,3,1
-6.29199999999997,-6.29199999999997,104,2020/06/18 00:00:00+00,48,3,5,1
-6.29199999999997,-6.29199999999997,105,2020/06/19 00:00:00+00,44,1,0,4
-6.29199999999997,-6.29199999999997,106,2020/06/20 00:00:00+00,41,3,3,2
-6.29199999999997,-6.29199999999997,107,2020/06/21 00:00:00+00,41,2,0,2
-6.29199999999997,-6.29199999999997,108,2020/06/22 00:00:00+00,43,2,1,3
-6.29199999999997,-6.29199999999997,109,2020/06/23 00:00:00+00,40,2,6,2
-6.29199999999997,-6.29199999999997,110,2020/06/24 00:00:00+00,37,0,3,1
-6.29199999999997,-6.29199999999997,111,2020/06/25 00:00:00+00,30,0,3,0
-6.29199999999997,-6.29199999999997,112,2020/06/26 00:00:00+00,26,2,1,2
-6.29199999999997,-6.29199999999997,113,2020/06/27 00:00:00+00,22,0,4,3
-6.29199999999997,-6.29199999999997,114,2020/06/28 00:00:00+00,20,2,0,2
-6.29199999999997,-6.29199999999997,115,2020/06/29 00:00:00+00,22,1,0,1
-6.29199999999997,-6.29199999999997,116,2020/06/30 00:00:00+00,21,0,2,0
-6.29199999999997,-6.29199999999997,117,2020/07/01 00:00:00+00,21,1,1,3
-6.29199999999997,-6.29199999999997,118,2020/07/02 00:00:00+00,18,0,1,1
-6.29199999999997,-6.29199999999997,119,2020/07/03 00:00:00+00,20,2,0,2
-6.29199999999997,-6.29199999999997,120,2020/07/04 00:00:00+00,22,3,1,1
-6.29199999999997,-6.29199999999997,121,2020/07/05 00:00:00+00,20,1,2,1
-6.29199999999997,-6.29199999999997,122,2020/07/06 00:00:00+00,19,0,0,1
-6.29199999999997,-6.29199999999997,123,2020/07/07 00:00:00+00,20,1,5,1
-6.29199999999997,-6.29199999999997,124,2020/07/08 00:00:00+00,12,0,3,0
-6.29199999999997,-6.29199999999997,125,2020/07/09 00:00:00+00,13,1,1,1
-6.29199999999997,-6.29199999999997,126,2020/07/10 00:00:00+00,11,0,1,0
-6.29199999999997,-6.29199999999997,127,2020/07/11 00:00:00+00,13,2,0,1
-6.29199999999997,-6.29199999999997,128,2020/07/12 00:00:00+00,12,0,0,0
-6.29199999999997,-6.29199999999997,129,2020/07/13 00:00:00+00,11,2,0,0
-6.29199999999997,-6.29199999999997,130,2020/07/14 00:00:00+00,13,2,1,3
-6.292,53.3605,131,2020/07/15 11:00:00+00,12,1,0,0
-6.292,53.3605,132,2020/07/16 11:00:00+00,12,0,0,1
-6.292,53.3605,133,2020/07/17 11:00:00+00,12,2,1,2
-6.292,53.3605,134,2020/07/18 11:00:00+00,10,1,2,1
-6.292,53.3605,135,2020/07/19 11:00:00+00,10,1,0,0
-6.292,53.3605,136,2020/07/20 11:00:00+00,12,1,0,0
-6.292,53.3605,137,2020/07/21 11:00:00+00,13,2,1,2
-6.292,53.3605,138,2020/07/22 11:00:00+00,14,3,0,2
-6.292,53.3605,139,2020/07/23 11:00:00+00,13,1,0,1
-6.292,53.3605,140,2020/07/24 11:00:00+00,11,1,0,6
-6.292,53.3605,141,2020/07/25 11:00:00+00,10,0,2,0
-6.292,53.3605,142,2020/07/26 11:00:00+00,11,3,0,3
-6.292,53.3605,143,2020/07/27 11:00:00+00,11,1,0,1
-6.292,53.3605,144,2020/07/28 11:00:00+00,10,1,3,1
-6.292,53.3605,145,2020/07/29 11:00:00+00,10,1,1,1
-6.292,53.3605,146,2020/07/30 11:00:00+00,6,0,4,0
-6.292,53.3605,147,2020/07/31 11:00:00+00,6,1,1,1
-6.292,53.3605,148,2020/08/01 11:00:00+00,8,1,1,2
-6.292,53.3605,149,2020/08/02 11:00:00+00,10,1,0,2
-6.292,53.3605,150,2020/08/03 11:00:00+00,10,0,0,1
-6.292,53.3605,151,2020/08/04 11:00:00+00,14,2,0,1
-6.292,53.3605,152,2020/08/05 11:00:00+00,17,3,0,4
-6.292,53.3605,153,2020/08/06 11:00:00+00,10,0,5,2
-6.292,53.3605,154,2020/08/07 11:00:00+00,11,0,1,1
-6.292,53.3605,155,2020/08/08 11:00:00+00,12,3,1,3
-6.292,53.3605,156,2020/08/09 11:00:00+00,13,0,1,1
-6.292,53.3605,157,2020/08/10 11:00:00+00,12,0,0,0
-6.292,53.3605,158,2020/08/11 11:00:00+00,14,1,0,2
-6.292,53.3605,159,2020/08/12 11:00:00+00,13,3,1,1
-6.292,53.3605,160,2020/08/13 11:00:00+00,12,1,1,1
-6.292,53.3605,161,2020/08/14 11:00:00+00,11,3,2,3
-6.292,53.3605,162,2020/08/15 11:00:00+00,15,4,0,7
-6.292,53.3605,163,2020/08/16 11:00:00+00,16,2,0,3
-6.292,53.3605,164,2020/08/17 11:00:00+00,21,4,0,1
-6.292,53.3605,165,2020/08/18 11:00:00+00,22,1,3,2
-6.292,53.3605,166,2020/08/19 11:00:00+00,17,2,3,1
-6.292,53.3605,167,2020/08/20 11:00:00+00,16,3,4,3
-6.292,53.3605,168,2020/08/21 11:00:00+00,18,2,1,2
-6.292,53.3605,169,2020/08/22 11:00:00+00,20,5,1,1
-6.292,53.3605,170,2020/08/23 11:00:00+00,21,0,0,0
-6.292,53.3605,171,2020/08/24 11:00:00+00,27,1,0,2
-6.292,53.3605,172,2020/08/25 11:00:00+00,26,4,3,9
-6.292,53.3605,173,2020/08/26 11:00:00+00,26,2,6,4
-6.292,53.3605,174,2020/08/27 11:00:00+00,29,4,0,4
-6.292,53.3605,175,2020/08/28 11:00:00+00,32,4,2,6
-6.292,53.3605,176,2020/08/29 11:00:00+00,30,4,5,4
-6.292,53.3605,177,2020/08/30 11:00:00+00,33,3,1,2
-6.292,53.3605,178,2020/08/31 11:00:00+00,35,2,3,5
-6.292,53.3605,179,2020/09/01 11:00:00+00,36,1,6,3
-6.292,53.3605,180,2020/09/02 11:00:00+00,40,2,2,6
-6.292,53.3605,181,2020/09/03 11:00:00+00,40,1,2,5
-6.292,53.3605,182,2020/09/04 11:00:00+00,44,4,2,6
-6.292,53.3605,183,2020/09/05 11:00:00+00,48,4,1,2
-6.292,53.3605,184,2020/09/06 11:00:00+00,49,6,3,5
-6.292,53.3605,185,2020/09/07 11:00:00+00,49,4,2,3
-6.292,53.3605,186,2020/09/08 11:00:00+00,49,2,2,2
-6.292,53.3605,187,2020/09/09 11:00:00+00,50,3,3,4
-6.292,53.3605,188,2020/09/10 11:00:00+00,49,1,4,4
-6.292,53.3605,189,2020/09/11 11:00:00+00,53,5,4,8
-6.292,53.3605,190,2020/09/12 11:00:00+00,52,5,4,9
-6.292,53.3605,191,2020/09/13 11:00:00+00,54,4,1,5
-6.292,53.3605,192,2020/09/14 11:00:00+00,60,5,2,7
-6.292,53.3605,193,2020/09/15 11:00:00+00,68,12,7,11
-6.292,53.3605,194,2020/09/16 11:00:00+00,65,8,7,7
-6.292,53.3605,195,2020/09/17 11:00:00+00,76,3,4,13
-6.292,53.3605,196,2020/09/18 11:00:00+00,80,7,2,4
-6.292,53.3605,197,2020/09/19 11:00:00+00,74,5,6,5
-6.292,53.3605,198,2020/09/20 11:00:00+00,82,9,1,8
-6.292,53.3605,199,2020/09/21 11:00:00+00,90,4,1,6
-6.292,53.3605,200,2020/09/22 11:00:00+00,94,14,10,8
-6.292,53.3605,201,2020/09/23 11:00:00+00,90,11,8,6
-6.292,53.3605,202,2020/09/24 11:00:00+00,94,9,5,7
-6.292,53.3605,203,2020/09/25 11:00:00+00,100,5,4,10
-6.292,53.3605,204,2020/09/26 11:00:00+00,102,7,9,10
-6.292,53.3605,205,2020/09/27 11:00:00+00,108,6,4,9
-6.292,53.3605,206,2020/09/28 11:00:00+00,111,5,4,5
-6.292,53.3605,207,2020/09/29 11:00:00+00,117,13,8,13
-6.292,53.3605,208,2020/09/30 11:00:00+00,122,12,11,15
-6.292,53.3605,209,2020/10/01 11:00:00+00,122,10,12,15
-6.292,53.3605,210,2020/10/02 11:00:00+00,117,8,11,9
-6.292,53.3605,211,2020/10/03 11:00:00+00,120,8,14,11
-6.292,53.3605,212,2020/10/04 11:00:00+00,134,12,7,17
-6.292,53.3605,213,2020/10/05 11:00:00+00,150,15,2,14
-6.292,53.3605,214,2020/10/06 11:00:00+00,150,9,11,11
-6.292,53.3605,215,2020/10/07 11:00:00+00,156,14,13,18
-6.292,53.3605,216,2020/10/08 11:00:00+00,159,20,13,18
-6.292,53.3605,217,2020/10/09 11:00:00+00,179,14,17,25
-6.292,53.3605,218,2020/10/10 11:00:00+00,194,18,22,29
-6.292,53.3605,219,2020/10/11 11:00:00+00,201,19,9,15
-6.292,53.3605,220,2020/10/12 11:00:00+00,221,24,4,11
-6.292,53.3605,221,2020/10/13 11:00:00+00,240,19,18,25
-6.292,53.3605,222,2020/10/14 11:00:00+00,234,13,20,13
-6.292,53.3605,223,2020/10/15 11:00:00+00,238,30,13,17
-6.292,53.3605,224,2020/10/16 11:00:00+00,244,25,24,19
-6.292,53.3605,225,2020/10/17 11:00:00+00,260,19,18,19
-6.292,53.3605,226,2020/10/18 11:00:00+00,274,20,11,16
-6.292,53.3605,227,2020/10/19 11:00:00+00,298,25,8,18
-6.292,53.3605,228,2020/10/20 11:00:00+00,315,42,27,45
-6.292,53.3605,229,2020/10/21 11:00:00+00,324,32,27,30
-6.292,53.3605,230,2020/10/22 11:00:00+00,310,24,32,21
-6.292,53.3605,231,2020/10/23 11:00:00+00,311,32,30,28
-6.292,53.3605,232,2020/10/24 11:00:00+00,312,31,36,13
-6.292,53.3605,233,2020/10/25 11:00:00+00,319,32,20,24
-6.292,53.3605,234,2020/10/26 11:00:00+00,344,27,9,28
-6.292,53.3605,235,2020/10/27 11:00:00+00,354,18,10,9
-6.292,53.3605,236,2020/10/28 11:00:00+00,327,20,42,17
-6.292,53.3605,237,2020/10/29 11:00:00+00,330,30,36,22
-6.292,53.3605,238,2020/10/30 11:00:00+00,327,26,29,15
-6.292,53.3605,239,2020/10/31 11:00:00+00,322,33,26,20
-6.292,53.3605,240,2020/11/01 11:00:00+00,325,17,11,13
-6.292,53.3605,241,2020/11/02 11:00:00+00,327,7,10,8
-6.292,53.3605,242,2020/11/03 11:00:00+00,306,19,29,26
-6.292,53.3605,243,2020/11/04 11:00:00+00,315,35,21,29
-6.292,53.3605,244,2020/11/05 11:00:00+00,307,18,33,20
-6.292,53.3605,245,2020/11/06 11:00:00+00,295,17,29,21
-6.292,53.3605,246,2020/11/07 11:00:00+00,279,20,29,17
-6.292,53.3605,247,2020/11/08 11:00:00+00,283,10,18,20
-6.292,53.3605,248,2020/11/09 11:00:00+00,291,15,14,12
-6.292,53.3605,249,2020/11/10 11:00:00+00,279,18,33,23
-6.292,53.3605,250,2020/11/11 11:00:00+00,282,19,34,37
-6.292,53.3605,251,2020/11/12 11:00:00+00,285,12,25,26
-6.292,53.3605,252,2020/11/13 11:00:00+00,275,10,23,32
-6.292,53.3605,253,2020/11/14 11:00:00+00,254,12,17,7
-6.292,53.3605,254,2020/11/15 11:00:00+00,254,6,4,11
-6.292,53.3605,255,2020/11/16 11:00:00+00,276,16,4,23
-6.292,53.3605,256,2020/11/17 11:00:00+00,273,10,16,29
-6.292,53.3605,257,2020/11/18 11:00:00+00,274,15,16,15
-6.292,53.3605,258,2020/11/19 11:00:00+00,290,18,25,35
-6.292,53.3605,259,2020/11/20 11:00:00+00,287,8,14,12
-6.292,53.3605,260,2020/11/21 11:00:00+00,275,11,14,10
-6.292,53.3605,261,2020/11/22 11:00:00+00,277,10,2,15
-6.292,53.3605,262,2020/11/23 11:00:00+00,291,14,1,16
-6.292,53.3605,263,2020/11/24 11:00:00+00,291,13,16,24
-6.292,53.3605,264,2020/11/25 11:00:00+00,269,8,13,14
-6.292,53.3605,265,2020/11/26 11:00:00+00,247,12,19,10
-6.292,53.3605,266,2020/11/27 11:00:00+00,253,22,15,17
-6.292,53.3605,267,2020/11/28 11:00:00+00,243,13,19,15
-6.292,53.3605,268,2020/11/29 11:00:00+00,257,15,7,17
-6.292,53.3605,269,2020/11/30 11:00:00+00,259,4,4,5
-6.292,53.3605,270,2020/12/01 11:00:00+00,224,7,22,12
-6.292,53.3605,271,2020/12/02 11:00:00+00,228,16,15,21
-6.292,53.3605,272,2020/12/03 11:00:00+00,234,14,10,23
-6.292,53.3605,273,2020/12/04 11:00:00+00,239,11,20,15
-6.292,53.3605,274,2020/12/05 11:00:00+00,230,7,20,15
-6.292,53.3605,275,2020/12/06 11:00:00+00,233,10,3,11
-6.292,53.3605,276,2020/12/07 11:00:00+00,232,14,1,10
-6.292,53.3605,277,2020/12/08 11:00:00+00,215,11,13,10
-6.292,53.3605,278,2020/12/09 11:00:00+00,215,11,13,11
-6.292,53.3605,279,2020/12/10 11:00:00+00,203,13,14,15
-6.292,53.3605,280,2020/12/11 11:00:00+00,204,13,22,13
-6.292,53.3605,281,2020/12/12 11:00:00+00,190,12,12,10
-6.292,53.3605,282,2020/12/13 11:00:00+00,192,10,4,12
-6.292,53.3605,283,2020/12/14 11:00:00+00,197,12,4,10
-6.292,53.3605,284,2020/12/15 11:00:00+00,198,14,24,16
-6.292,53.3605,285,2020/12/16 11:00:00+00,198,9,16,20
-6.292,53.3605,286,2020/12/17 11:00:00+00,211,10,14,33
-6.292,53.3605,287,2020/12/18 11:00:00+00,206,13,11,21
-6.292,53.3605,288,2020/12/19 11:00:00+00,206,12,9,13
-6.292,53.3605,289,2020/12/20 11:00:00+00,220,13,7,15
-6.292,53.3605,290,2020/12/21 11:00:00+00,235,8,2,20
-6.292,53.3605,291,2020/12/22 11:00:00+00,237,11,16,22
-6.292,53.3605,292,2020/12/23 11:00:00+00,239,14,16,27
-6.292,53.3605,293,2020/12/24 11:00:00+00,255,24,17,37
-6.292,53.3605,294,2020/12/25 11:00:00+00,253,14,24,26
-6.292,53.3605,295,2020/12/26 11:00:00+00,268,19,3,14
-6.292,53.3605,296,2020/12/27 11:00:00+00,321,31,4,39
-6.292,53.3605,297,2020/12/28 11:00:00+00,360,39,8,44
-6.292,53.3605,298,2020/12/29 11:00:00+00,409,36,14,50
-6.292,53.3605,299,2020/12/30 11:00:00+00,454,60,27,69
-6.292,53.3605,300,2020/12/31 11:00:00+00,491,51,41,61
-6.292,53.3605,301,2021/01/01 11:00:00+00,508,45,48,75
-6.292,53.3605,302,2021/01/02 11:00:00+00,581,74,20,72
-6.292,53.3605,303,2021/01/03 11:00:00+00,673,75,23,106
-6.292,53.3605,304,2021/01/04 11:00:00+00,744,53,21,105
-6.292,53.3605,305,2021/01/05 11:00:00+00,817,79,68,103
-6.292,53.3605,306,2021/01/06 11:00:00+00,921,100,64,137
-6.292,53.3605,307,2021/01/07 11:00:00+00,1022,109,59,131
-6.292,53.3605,308,2021/01/08 11:00:00+00,1153,104,60,139
-6.292,53.3605,309,2021/01/09 11:00:00+00,1285,112,72,134
-6.292,53.3605,310,2021/01/10 11:00:00+00,1426,134,43,114
-6.292,53.3605,311,2021/01/11 11:00:00+00,1575,105,24,145
-6.292,53.3605,312,2021/01/12 11:00:00+00,1690,158,95,209
-6.292,53.3605,313,2021/01/13 11:00:00+00,1750,126,104,149
-6.292,53.3605,314,2021/01/14 11:00:00+00,1792,151,116,188
-6.292,53.3605,315,2021/01/15 11:00:00+00,1846,129,115,165
-6.292,53.3605,316,2021/01/16 11:00:00+00,1848,116,137,125
-6.292,53.3605,317,2021/01/17 11:00:00+00,1923,109,45,93
-6.292,53.3605,318,2021/01/18 11:00:00+00,2020,107,39,125
-6.292,53.3605,319,2021/01/19 11:00:00+00,1954,114,164,112
-6.292,53.3605,320,2021/01/20 11:00:00+00,1941,172,140,119
-6.292,53.3605,321,2021/01/21 11:00:00+00,1949,114,118,113
-6.292,53.3605,322,2021/01/22 11:00:00+00,1969,132,98,116
-6.292,53.3605,323,2021/01/23 11:00:00+00,1893,115,141,85
-6.292,53.3605,324,2021/01/24 11:00:00+00,1914,81,48,52
-6.292,53.3605,325,2021/01/25 11:00:00+00,1948,66,44,74
-6.292,53.3605,326,2021/01/26 11:00:00+00,1823,95,154,96
-6.292,53.3605,327,2021/01/27 11:00:00+00,1727,88,140,89
-6.292,53.3605,328,2021/01/28 11:00:00+00,1620,76,136,87
-6.292,53.3605,329,2021/01/29 11:00:00+00,1552,109,103,68
-6.292,53.3605,330,2021/01/30 11:00:00+00,1494,105,109,78
-6.292,53.3605,331,2021/01/31 11:00:00+00,1515,75,33,59
-6.292,53.3605,332,2021/02/01 11:00:00+00,1529,54,30,46
-6.292,53.3605,333,2021/02/02 11:00:00+00,1418,74,109,60
-6.292,53.3605,334,2021/02/03 11:00:00+00,1366,71,86,80
-6.292,53.3605,335,2021/02/04 11:00:00+00,1308,92,82,77
-6.292,53.3605,336,2021/02/05 11:00:00+00,1258,78,84,78
-6.292,53.3605,337,2021/02/06 11:00:00+00,1199,51,96,38
-6.292,53.3605,338,2021/02/07 11:00:00+00,1203,45,25,36
-6.292,53.3605,339,2021/02/08 11:00:00+00,1212,47,18,39
-6.292,53.3605,340,2021/02/09 11:00:00+00,1104,55,124,54
-6.292,53.3605,341,2021/02/10 11:00:00+00,1032,45,91,40
-6.292,53.3605,342,2021/02/11 11:00:00+00,984,52,55,44
-6.292,53.3605,343,2021/02/12 11:00:00+00,959,48,69,53
-6.292,53.3605,344,2021/02/13 11:00:00+00,898,55,63,44
-6.292,53.3605,345,2021/02/14 11:00:00+00,899,40,19,34
-6.292,53.3605,346,2021/02/15 11:00:00+00,916,41,16,40
-6.292,53.3605,347,2021/02/16 11:00:00+00,861,45,66,51
-6.292,53.3605,348,2021/02/17 11:00:00+00,831,39,66,49
-6.292,53.3605,349,2021/02/18 11:00:00+00,771,42,52,48
-6.292,53.3605,350,2021/02/19 11:00:00+00,754,50,40,46
-6.292,53.3605,351,2021/02/20 11:00:00+00,719,45,50,36
-6.292,53.3605,352,2021/02/21 11:00:00+00,744,37,21,45
-6.292,53.3605,353,2021/02/22 11:00:00+00,726,32,9,33
-6.292,53.3605,354,2021/02/23 11:00:00+00,693,43,47,37
-6.292,53.3605,355,2021/02/24 11:00:00+00,652,31,50,35
-6.292,53.3605,356,2021/02/25 11:00:00+00,591,19,53,20
-6.292,53.3605,357,2021/02/26 11:00:00+00,574,27,28,24
-6.292,53.3605,358,2021/02/27 11:00:00+00,550,34,48,27
-6.292,53.3605,359,2021/02/28 11:00:00+00,554,19,7,19
-6.292,53.3605,360,2021/03/01 11:00:00+00,540,16,14,14
-6.292,53.3605,361,2021/03/02 11:00:00+00,498,28,55,28
-6.292,53.3605,362,2021/03/03 11:00:00+00,489,31,43,29
-6.292,53.3605,363,2021/03/04 11:00:00+00,460,27,47,26
-6.292,53.3605,364,2021/03/05 11:00:00+00,426,30,43,34
-6.292,53.3605,365,2021/03/06 11:00:00+00,414,29,32,22
-6.292,53.3605,366,2021/03/07 11:00:00+00,423,15,12,14
-6.292,53.3605,367,2021/03/08 11:00:00+00,418,18,5,20
-6.292,53.3605,368,2021/03/09 11:00:00+00,397,23,45,24
-6.292,53.3605,369,2021/03/10 11:00:00+00,370,25,40,31
-6.292,53.3605,370,2021/03/11 11:00:00+00,359,25,25,32
-6.292,53.3605,371,2021/03/12 11:00:00+00,344,17,38,16
-6.292,53.3605,372,2021/03/13 11:00:00+00,340,32,22,15
-6.292,53.3605,373,2021/03/14 11:00:00+00,349,14,9,17
-6.292,53.3605,374,2021/03/15 11:00:00+00,360,19,8,25
-6.292,53.3605,375,2021/03/16 11:00:00+00,355,24,40,36
-6.292,53.3605,376,2021/03/17 11:00:00+00,350,23,25,19
-6.292,53.3605,377,2021/03/18 11:00:00+00,345,14,15,24
-6.292,53.3605,378,2021/03/19 11:00:00+00,336,25,32,43
-6.292,53.3605,379,2021/03/20 11:00:00+00,328,24,34,27
-6.292,53.3605,380,2021/03/21 11:00:00+00,360,22,10,19
-6.292,53.3605,381,2021/03/22 11:00:00+00,359,17,10,14
-6.292,53.3605,382,2021/03/23 11:00:00+00,357,16,35,25
-6.292,53.3605,383,2021/03/24 11:00:00+00,329,14,30,18
-6.292,53.3605,384,2021/03/25 11:00:00+00,312,18,33,24
-6.292,53.3605,385,2021/03/26 11:00:00+00,317,22,35,25
-6.292,53.3605,386,2021/03/27 11:00:00+00,304,24,25,21
-6.292,53.3605,387,2021/03/28 11:00:00+00,322,17,9,18
-6.292,53.3605,388,2021/03/29 11:00:00+00,331,15,3,19
-6.292,53.3605,389,2021/03/30 11:00:00+00,310,23,32,29
-6.292,53.3605,390,2021/03/31 11:00:00+00,297,21,27,16
-6.292,53.3605,391,2021/04/01 11:00:00+00,274,15,31,18
-6.292,53.3605,392,2021/04/02 11:00:00+00,264,20,22,18
-6.292,53.3605,393,2021/04/03 11:00:00+00,242,17,26,10
-6.292,53.3605,394,2021/04/04 11:00:00+00,242,13,6,8
-6.292,53.3605,395,2021/04/05 11:00:00+00,260,15,5,10
-6.292,53.3605,396,2021/04/06 11:00:00+00,261,10,6,12
-6.292,53.3605,397,2021/04/07 11:00:00+00,232,16,33,13
-6.292,53.3605,398,2021/04/08 11:00:00+00,226,18,33,11
-6.292,53.3605,399,2021/04/09 11:00:00+00,212,12,17,17
-6.292,53.3605,400,2021/04/10 11:00:00+00,208,16,19,11
-6.292,53.3605,401,2021/04/11 11:00:00+00,213,16,12,7
-6.292,53.3605,402,2021/04/12 11:00:00+00,227,15,2,22
-6.292,53.3605,403,2021/04/13 11:00:00+00,206,10,19,11
-6.292,53.3605,404,2021/04/14 11:00:00+00,192,14,23,13
-6.292,53.3605,405,2021/04/15 11:00:00+00,184,24,22,22
-6.292,53.3605,406,2021/04/16 11:00:00+00,190,15,18,12
-6.292,53.3605,407,2021/04/17 11:00:00+00,183,11,17,7
-6.292,53.3605,408,2021/04/18 11:00:00+00,181,10,8,6
-6.292,53.3605,409,2021/04/19 11:00:00+00,183,6,3,7
-6.292,53.3605,410,2021/04/20 11:00:00+00,179,15,17,18
-6.292,53.3605,411,2021/04/22 11:00:00+00,176,26,29,19
-6.292,53.3605,412,2021/04/23 11:00:00+00,166,18,19,17
-6.292,53.3605,413,2021/04/21 11:00:00+00,182,20,12,19
-6.292,53.3605,414,2021/04/24 11:00:00+00,162,9,10,9
-6.292,53.3605,415,2021/04/25 11:00:00+00,174,19,8,13
-6.292,53.3605,416,2021/04/26 11:00:00+00,184,17,3,19
-6.292,53.3605,417,2021/04/27 11:00:00+00,153,8,37,9
-6.292,53.3605,418,2021/04/28 11:00:00+00,153,18,23,17
-6.292,53.3605,419,2021/04/29 11:00:00+00,154,16,18,14
-6.292,53.3605,420,2021/04/30 11:00:00+00,139,9,18,8
-6.292,53.3605,421,2021/05/01 11:00:00+00,123,9,23,5
-6.292,53.3605,422,2021/05/02 11:00:00+00,127,11,6,6
-6.292,53.3605,423,2021/05/03 11:00:00+00,129,7,7,5
-6.292,53.3605,424,2021/05/04 11:00:00+00,144,16,6,10
-6.292,53.3605,425,2021/05/05 11:00:00+00,137,17,16,18
-6.292,53.3605,426,2021/05/06 11:00:00+00,131,14,14,16
-6.292,53.3605,427,2021/05/07 11:00:00+00,127,13,17,15
-6.292,53.3605,428,2021/05/08 11:00:00+00,110,8,19,9
-6.292,53.3605,429,2021/05/09 11:00:00+00,116,8,3,11
-6.292,53.3605,430,2021/05/10 11:00:00+00,124,12,3,15
-6.292,53.3605,431,2021/05/11 11:00:00+00,117,16,13,20
-6.292,53.3605,432,2021/05/12 11:00:00+00,109,9,10,12
-6.292,53.3605,433,2021/05/13 11:00:00+00,111,9,4,11
-6.292,53.3605,434,2021/05/17 11:00:00+00,110,,,5
-6.292,53.3605,435,2021/05/18 11:00:00+00,102,,,15
-6.292,53.3605,436,2021/05/19 11:00:00+00,101,,,13
-6.292,53.3605,437,2021/05/20 11:00:00+00,103,,,11
-6.292,53.3605,438,2021/05/21 11:00:00+00,107,,,19
-6.292,53.3605,439,2021/05/22 11:00:00+00,110,,,16
-6.292,53.3605,440,2021/05/23 11:00:00+00,116,,,9
-6.292,53.3605,441,2021/05/24 11:00:00+00,127,,,13
-6.292,53.3605,442,2021/05/25 11:00:00+00,103,,,10
-6.292,53.3605,443,2021/05/26 11:00:00+00,99,,,7
-6.292,53.3605,444,2021/05/27 11:00:00+00,101,,,16
-6.292,53.3605,445,2021/05/28 11:00:00+00,99,,,3
-6.292,53.3605,446,2021/05/29 11:00:00+00,90,,,7
-6.292,53.3605,447,2021/05/30 11:00:00+00,99,,,15
-6.292,53.3605,448,2021/05/31 11:00:00+00,98,,,7
-6.292,53.3605,449,2021/06/01 11:00:00+00,89,,,4
-6.292,53.3605,450,2021/06/02 11:00:00+00,93,,,14
-6.292,53.3605,451,2021/06/03 11:00:00+00,84,,,9
-6.292,53.3605,452,2021/06/04 11:00:00+00,86,,,15
-6.292,53.3605,453,2021/06/05 11:00:00+00,74,,,10
-6.292,53.3605,454,2021/06/06 11:00:00+00,70,,,6
-6.292,53.3605,455,2021/06/07 11:00:00+00,69,,,2
-6.292,53.3605,456,2021/06/08 11:00:00+00,77,,,7
-6.292,53.3605,457,2021/06/09 11:00:00+00,76,,,12
-6.292,53.3605,458,2021/06/10 11:00:00+00,70,,,5
-6.292,53.3605,459,2021/06/11 11:00:00+00,60,,,7
-6.292,53.3605,460,2021/06/12 11:00:00+00,58,,,8
-6.292,53.3605,461,2021/06/13 11:00:00+00,62,,,9
-6.292,53.3605,462,2021/06/14 11:00:00+00,67,,,10
-6.292,53.3605,463,2021/06/15 11:00:00+00,60,,,3
-6.292,53.3605,464,2021/06/16 11:00:00+00,57,,,9
-6.292,53.3605,465,2021/06/17 11:00:00+00,54,,,3
-6.292,53.3605,466,2021/06/18 11:00:00+00,53,,,8
-6.292,53.3605,467,2021/06/19 11:00:00+00,48,,,7
-6.292,53.3605,468,2021/06/20 11:00:00+00,49,,,9
-6.292,53.3605,469,2021/06/21 11:00:00+00,53,,,4
-6.292,53.3605,470,2021/06/22 11:00:00+00,39,,,7
-6.292,53.3605,471,2021/06/23 11:00:00+00,41,,,6
-6.292,53.3605,472,2021/06/24 11:00:00+00,47,,,6
-6.292,53.3605,473,2021/06/25 11:00:00+00,38,,,8
-6.292,53.3605,474,2021/06/26 11:00:00+00,43,,,8
-6.292,53.3605,475,2021/06/27 11:00:00+00,47,,,4
-6.292,53.3605,476,2021/06/28 11:00:00+00,49,,,6
-6.292,53.3605,477,2021/06/29 11:00:00+00,46,,,6
-6.292,53.3605,478,2021/06/30 11:00:00+00,44,,,7
-6.292,53.3605,479,2021/07/01 11:00:00+00,44,,,12
-6.292,53.3605,480,2021/07/02 11:00:00+00,46,,,9
-6.292,53.3605,481,2021/07/03 11:00:00+00,42,,,6
-6.292,53.3605,482,2021/07/04 11:00:00+00,48,,,10
-6.292,53.3605,483,2021/07/05 11:00:00+00,51,,,5
-6.292,53.3605,484,2021/07/06 11:00:00+00,54,,,8
-6.292,53.3605,486,2021/07/07 11:00:00+00,60,,,13
-6.292,53.3605,487,2021/07/08 11:00:00+00,58,,,13
-6.292,53.3605,488,2021/07/09 11:00:00+00,50,,,5
-6.292,53.3605,489,2021/07/10 11:00:00+00,52,,,7
-6.292,53.3605,490,2021/07/11 11:00:00+00,58,,,9
-6.292,53.3605,491,2021/07/12 11:00:00+00,63,,,7
-6.292,53.3605,492,2021/07/13 11:00:00+00,62,,,8
-6.292,53.3605,493,2021/07/14 11:00:00+00,73,,,21
-6.292,53.3605,494,2021/07/15 11:00:00+00,80,,,23
-6.292,53.3605,495,2021/07/16 11:00:00+00,79,,,16
-6.292,53.3605,496,2021/07/17 11:00:00+00,78,,,18
-6.292,53.3605,497,2021/07/18 11:00:00+00,91,,,19
-6.292,53.3605,498,2021/07/19 11:00:00+00,101,,,15
-6.292,53.3605,499,2021/07/20 11:00:00+00,89,,,17
-6.292,53.3605,500,2021/07/21 11:00:00+00,96,,,17
-6.292,53.3605,501,2021/07/22 11:00:00+00,95,,,26
-6.292,53.3605,502,2021/07/23 11:00:00+00,106,,,25
-6.292,53.3605,503,2021/07/24 11:00:00+00,105,,,18
-6.292,53.3605,504,2021/07/25 11:00:00+00,123,,,23
-6.292,53.3605,505,2021/07/26 11:00:00+00,141,,,30
-6.292,53.3605,506,2021/07/27 11:00:00+00,142,,,29
-6.292,53.3605,507,2021/07/28 11:00:00+00,152,,,30
-6.292,53.3605,508,2021/07/29 11:00:00+00,162,24,21,32
-6.292,53.3605,509,2021/07/30 11:00:00+00,169,20,16,25
-6.292,53.3605,510,2021/07/31 11:00:00+00,164,9,20,20
-6.292,53.3605,511,2021/08/01 11:00:00+00,163,10,16,20
-6.292,53.3605,512,2021/08/02 11:00:00+00,177,12,8,22
-6.292,53.3605,513,2021/08/03 11:00:00+00,178,9,9,14
-6.292,53.3605,514,2021/08/04 11:00:00+00,187,16,22,35
-6.292,53.3605,515,2021/08/05 11:00:00+00,193,18,15,20
-6.292,53.3605,516,2021/08/06 11:00:00+00,189,17,20,23
-6.292,53.3605,517,2021/08/07 11:00:00+00,198,14,23,32
-6.292,53.3605,518,2021/08/08 11:00:00+00,208,17,8,26
-6.292,53.3605,519,2021/08/09 11:00:00+00,217,19,9,26
-6.292,53.3605,520,2021/08/10 11:00:00+00,206,19,30,34
-6.292,53.3605,521,2021/08/11 11:00:00+00,206,22,24,34
-6.292,53.3605,522,2021/08/12 11:00:00+00,219,27,21,41
-6.292,53.3605,523,2021/08/13 11:00:00+00,221,21,21,30
-6.292,53.3605,524,2021/08/14 11:00:00+00,230,25,21,33
-6.292,53.3605,525,2021/08/15 11:00:00+00,248,26,12,35
-6.292,53.3605,526,2021/08/16 11:00:00+00,262,22,14,24
-6.292,53.3605,527,2021/08/17 11:00:00+00,248,29,33,31
-6.292,53.3605,528,2021/08/18 11:00:00+00,249,33,29,37
-6.292,53.3605,529,2021/08/19 11:00:00+00,244,28,24,31
-6.292,53.3605,530,2021/08/20 11:00:00+00,251,26,28,37
-6.292,53.3605,531,2021/08/21 11:00:00+00,259,29,31,52
-6.292,53.3605,532,2021/08/22 11:00:00+00,314,33,5,64
-6.292,53.3605,533,2021/08/23 11:00:00+00,318,15,17,26
-6.292,53.3605,534,2021/08/24 11:00:00+00,307,27,41,42
-6.292,53.3605,535,2021/08/25 11:00:00+00,323,40,33,56
-6.292,53.3605,536,2021/08/26 11:00:00+00,332,43,38,57
-6.292,53.3605,537,2021/08/27 11:00:00+00,326,26,34,47
-6.292,53.3605,538,2021/08/28 11:00:00+00,324,35,43,45
-6.292,53.3605,539,2021/08/29 11:00:00+00,347,26,16,41
-6.292,53.3605,540,2021/08/30 11:00:00+00,382,29,10,40
-6.292,53.3605,541,2021/08/31 11:00:00+00,355,25,55,38
-6.292,53.3605,542,2021/09/01 11:00:00+00,360,36,41,52
-6.292,53.3605,543,2021/09/02 11:00:00+00,343,35,38,45
-6.292,53.3605,544,2021/09/03 11:00:00+00,353,34,22,43
-6.292,53.3605,545,2021/09/04 11:00:00+00,363,27,33,40
-6.292,53.3605,546,2021/09/05 11:00:00+00,362,21,8,34
-6.292,53.3605,547,2021/09/06 11:00:00+00,384,32,10,47
-6.292,53.3605,548,2021/09/07 11:00:00+00,367,31,39,49
-6.292,53.3605,549,2021/09/08 11:00:00+00,335,20,39,25
-6.292,53.3605,550,2021/09/09 11:00:00+00,331,37,21,41
-6.292,53.3605,551,2021/09/10 11:00:00+00,328,36,35,45
-6.292,53.3605,552,2021/09/11 11:00:00+00,310,25,37,32
-6.292,53.3605,553,2021/09/12 11:00:00+00,315,26,20,32
-6.292,53.3605,554,2021/09/13 11:00:00+00,321,19,7,25
-6.292,53.3605,555,2021/09/14 11:00:00+00,309,22,29,32
-6.292,53.3605,556,2021/09/15 11:00:00+00,292,23,32,35
-6.292,53.3605,557,2021/09/16 11:00:00+00,290,26,16,37
-6.292,53.3605,558,2021/09/17 11:00:00+00,288,29,24,40
-6.292,53.3605,559,2021/09/18 11:00:00+00,261,24,33,33
-6.292,53.3605,560,2021/09/19 11:00:00+00,278,24,13,38
-6.292,53.3605,561,2021/09/20 11:00:00+00,297,20,4,37
-6.292,53.3605,562,2021/09/21 11:00:00+00,286,23,32,35
-6.292,53.3605,563,2021/09/22 11:00:00+00,272,27,29,34
-6.292,53.3605,564,2021/09/23 11:00:00+00,286,37,26,53
-6.292,53.3605,565,2021/09/24 11:00:00+00,297,26,18,43
-6.292,53.3605,566,2021/09/25 11:00:00+00,282,27,38,33
-6.292,53.3605,567,2021/09/26 11:00:00+00,296,22,14,30
-6.292,53.3605,568,2021/09/27 11:00:00+00,310,16,7,28
-6.292,53.3605,569,2021/09/28 11:00:00+00,300,23,34,41
-6.292,53.3605,570,2021/09/29 11:00:00+00,300,28,23,42
-6.292,53.3605,571,2021/09/30 11:00:00+00,297,24,21,31
-6.292,53.3605,572,2021/10/01 11:00:00+00,308,30,25,46
-6.292,53.3605,573,2021/10/02 11:00:00+00,298,20,37,36
-6.292,53.3605,574,2021/10/03 11:00:00+00,319,25,10,33
-6.292,53.3605,575,2021/10/04 11:00:00+00,333,23,9,39
-6.292,53.3605,576,2021/10/05 11:00:00+00,349,26,32,47
-6.292,53.3605,577,2021/10/06 11:00:00+00,343,24,32,37
-6.292,53.3605,578,2021/10/07 11:00:00+00,355,21,26,49
-6.292,53.3605,579,2021/10/08 11:00:00+00,354,32,32,48
-6.292,53.3605,580,2021/10/09 11:00:00+00,353,33,41,56
-6.292,53.3605,581,2021/10/10 11:00:00+00,382,31,11,40
-6.292,53.3605,582,2021/10/11 11:00:00+00,400,16,15,34
-6.292,53.3605,583,2021/10/12 11:00:00+00,402,35,30,54
-6.292,53.3605,584,2021/10/13 11:00:00+00,408,29,41,63
-6.292,53.3605,585,2021/10/14 11:00:00+00,415,36,33,58
-6.292,53.3605,586,2021/10/15 11:00:00+00,413,32,33,47
-6.292,53.3605,587,2021/10/16 11:00:00+00,406,35,39,53
-6.292,53.3605,588,2021/10/17 11:00:00+00,459,34,16,76
-6.292,53.3605,589,2021/10/18 11:00:00+00,484,29,15,42
-6.292,53.3605,590,2021/10/19 11:00:00+00,472,40,46,73
-6.292,53.3605,591,2021/10/20 11:00:00+00,464,35,36,54
-6.292,53.3605,592,2021/10/21 11:00:00+00,448,30,30,40
-6.292,53.3605,593,2021/10/22 11:00:00+00,457,33,30,51
-6.292,53.3605,594,2021/10/23 11:00:00+00,450,38,33,55
-6.292,53.3605,595,2021/10/24 11:00:00+00,471,36,7,41
-6.292,53.3605,596,2021/10/25 11:00:00+00,497,33,14,40
-6.292,53.3605,597,2021/10/26 11:00:00+00,513,29,12,44
-6.292,53.3605,598,2021/10/27 11:00:00+00,503,25,43,64
-6.292,53.3605,599,2021/10/28 11:00:00+00,487,51,38,71
-6.292,53.3605,600,2021/10/29 11:00:00+00,481,39,46,64
-6.292,53.3605,601,2021/10/30 11:00:00+00,470,55,51,63
-6.292,53.3605,602,2021/10/31 11:00:00+00,500,44,14,59
-6.292,53.3605,603,2021/11/01 11:00:00+00,515,32,19,47
-6.292,53.3605,604,2021/11/02 11:00:00+00,493,41,50,62
-6.292,53.3605,605,2021/11/03 11:00:00+00,460,31,58,49
-6.292,53.3605,606,2021/11/04 11:00:00+00,458,36,40,57
-6.292,53.3605,607,2021/11/05 11:00:00+00,464,46,41,65
-6.292,53.3605,608,2021/11/06 11:00:00+00,444,31,39,41
-6.292,53.3605,609,2021/11/07 11:00:00+00,478,30,12,51
-6.292,53.3605,610,2021/11/08 11:00:00+00,498,39,20,52
-6.292,53.3605,611,2021/11/09 11:00:00+00,520,60,53,89
-6.292,53.3605,612,2021/11/10 11:00:00+00,551,38,38,73
-6.292,53.3605,613,2021/11/11 11:00:00+00,543,43,61,81
-6.292,53.3605,614,2021/11/12 11:00:00+00,549,36,49,76
-6.292,53.3605,615,2021/11/13 11:00:00+00,556,39,37,73
-6.292,53.3605,616,2021/11/14 11:00:00+00,582,39,19,64
-6.292,53.3605,617,2021/11/15 11:00:00+00,622,35,16,68
-6.292,53.3605,618,2021/11/16 11:00:00+00,614,50,55,78
-6.292,53.3605,619,2021/11/17 11:00:00+00,634,64,46,83
-6.292,53.3605,620,2021/11/18 11:00:00+00,643,56,48,90
-6.292,53.3605,621,2021/11/19 11:00:00+00,643,62,64,78
-6.292,53.3605,622,2021/11/20 11:00:00+00,640,81,62,80
-6.292,53.3605,623,2021/11/21 11:00:00+00,669,57,26,70
-6.292,53.3605,624,2021/11/22 11:00:00+00,685,52,21,60
-6.292,53.3605,625,2021/11/23 11:00:00+00,638,43,74,56
-6.292,53.3605,626,2021/11/24 11:00:00+00,611,48,59,69
-6.292,53.3605,627,2021/11/25 11:00:00+00,598,57,50,73
-6.292,53.3605,628,2021/11/26 11:00:00+00,572,50,53,59
-6.292,53.3605,629,2021/11/27 11:00:00+00,536,40,65,60
-6.292,53.3605,630,2021/11/28 11:00:00+00,566,47,17,64
-6.292,53.3605,631,2021/11/29 11:00:00+00,579,34,18,48
-6.292,53.3605,632,2021/11/30 11:00:00+00,579,54,62,86
-6.292,53.3605,633,2021/12/01 11:00:00+00,578,63,66,89
-6.292,53.3605,634,2021/12/02 11:00:00+00,545,44,78,72
-6.292,53.3605,635,2021/12/03 11:00:00+00,528,42,54,65
-6.292,53.3605,636,2021/12/04 11:00:00+00,487,48,64,54
-6.292,53.3605,637,2021/12/05 11:00:00+00,503,46,23,60
-6.292,53.3605,638,2021/12/06 11:00:00+00,536,35,19,49
-6.292,53.3605,639,2021/12/07 11:00:00+00,505,41,66,58
-6.292,53.3605,640,2021/12/08 11:00:00+00,543,60,31,86
-6.292,53.3605,641,2021/12/09 11:00:00+00,530,52,54,65
-6.292,53.3605,642,2021/12/10 11:00:00+00,511,49,54,58
-6.292,53.3605,643,2021/12/11 11:00:00+00,481,37,64,59
-6.292,53.3605,644,2021/12/12 11:00:00+00,504,39,24,61
-6.292,53.3605,645,2021/12/13 11:00:00+00,518,30,15,45
-6.292,53.3605,646,2021/12/14 11:00:00+00,493,35,52,48
-6.292,53.3605,647,2021/12/15 11:00:00+00,470,39,47,57
-6.292,53.3605,648,2021/12/16 11:00:00+00,443,40,44,50
-6.292,53.3605,649,2021/12/17 11:00:00+00,420,26,44,41
-6.292,53.3605,650,2021/12/18 11:00:00+00,410,29,42,46
-6.292,53.3605,651,2021/12/19 11:00:00+00,436,33,10,44
-6.292,53.3605,652,2021/12/20 11:00:00+00,467,39,16,52
-6.292,53.3605,653,2021/12/21 11:00:00+00,443,39,55,64
-6.292,53.3605,654,2021/12/22 11:00:00+00,429,41,56,74
-6.292,53.3605,655,2021/12/23 11:00:00+00,390,25,58,60
-6.292,53.3605,656,2021/12/24 11:00:00+00,393,42,55,69
-6.292,53.3605,657,2021/12/25 11:00:00+00,378,29,53,56
-6.292,53.3605,658,2021/12/26 11:00:00+00,426,36,14,52
-6.292,53.3605,659,2021/12/27 11:00:00+00,462,41,28,68
-6.292,53.3605,660,2021/12/28 11:00:00+00,521,50,25,100
-6.292,53.3605,661,2021/12/29 11:00:00+00,568,59,48,107
-6.292,53.3605,662,2021/12/30 11:00:00+00,619,77,68,148
-6.292,53.3605,663,2021/12/31 11:00:00+00,682,102,87,163
-6.292,53.3605,664,2022/01/01 11:00:00+00,656,53,115,105
-6.292,53.3605,665,2022/01/02 11:00:00+00,717,70,40,118
-6.292,53.3605,666,2022/01/03 11:00:00+00,804,77,30,124
-6.292,53.3605,667,2022/01/04 11:00:00+00,884,84,43,138
-6.292,53.3605,668,2022/01/05 11:00:00+00,928,74,105,173
-6.292,53.3605,669,2022/01/06 11:00:00+00,941,100,125,153
-6.292,53.3605,670,2022/01/07 11:00:00+00,936,90,128,161
-6.292,53.3605,671,2022/01/08 11:00:00+00,917,73,124,140
-6.292,53.3605,672,2022/01/09 11:00:00+00,984,72,58,133
-6.292,53.3605,673,2022/01/10 11:00:00+00,1063,82,43,137
-6.292,53.3605,674,2022/01/11 11:00:00+00,1062,74,116,149
-6.292,53.3605,675,2022/01/12 11:00:00+00,1055,89,128,170
-6.292,53.3605,676,2022/01/13 11:00:00+00,1011,78,113,129
-6.292,53.3605,677,2022/01/14 11:00:00+00,1020,95,102,153
-6.292,53.3605,678,2022/01/15 11:00:00+00,940,70,127,119
-6.292,53.3605,679,2022/01/16 11:00:00+00,961,64,59,117
-6.292,53.3605,680,2022/01/17 11:00:00+00,1006,64,30,98
-6.292,53.3605,681,2022/01/18 11:00:00+00,979,68,113,139
-6.292,53.3605,682,2022/01/19 11:00:00+00,911,71,109,106
-6.292,53.3605,683,2022/01/20 11:00:00+00,896,46,87,122
-6.292,53.3605,684,2022/01/21 11:00:00+00,892,64,71,119
-6.292,53.3605,685,2022/01/22 11:00:00+00,836,65,103,104
-6.292,53.3605,686,2022/01/23 11:00:00+00,845,55,42,84
-6.292,53.3605,687,2022/01/24 11:00:00+00,885,52,22,90
-6.292,53.3605,688,2022/01/25 11:00:00+00,824,58,87,101
-6.292,53.3605,689,2022/01/26 11:00:00+00,739,40,99,78
-6.292,53.3605,690,2022/01/27 11:00:00+00,708,58,85,109
-6.292,53.3605,691,2022/01/28 11:00:00+00,707,58,57,103
-6.292,53.3605,692,2022/01/29 11:00:00+00,649,67,90,89
-6.292,53.3605,693,2022/01/30 11:00:00+00,651,37,29,67
-6.292,53.3605,694,2022/01/31 11:00:00+00,692,60,24,84
-6.292,53.3605,695,2022/02/01 11:00:00+00,657,47,64,102
-6.292,53.3605,696,2022/02/02 11:00:00+00,630,44,76,108
-6.292,53.3605,697,2022/02/03 11:00:00+00,609,36,57,88
-6.292,53.3605,698,2022/02/04 11:00:00+00,597,40,62,91
-6.292,53.3605,699,2022/02/05 11:00:00+00,581,33,60,88
-6.292,53.3605,700,2022/02/06 11:00:00+00,615,47,23,79
-6.292,53.3605,701,2022/02/07 11:00:00+00,643,38,25,86
-6.292,53.3605,702,2022/02/08 11:00:00+00,646,44,61,106
-6.292,53.3605,703,2022/02/09 11:00:00+00,627,37,70,91
-6.292,53.3605,704,2022/02/10 11:00:00+00,595,34,64,81
-6.292,53.3605,705,2022/02/11 11:00:00+00,614,58,45,103
-6.292,53.3605,706,2022/02/12 11:00:00+00,579,47,65,89
-6.292,53.3605,707,2022/02/13 11:00:00+00,609,43,27,83
-6.292,53.3605,708,2022/02/14 11:00:00+00,665,46,26,98
-6.292,53.3605,709,2022/02/15 11:00:00+00,637,38,60,77
-6.292,53.3605,710,2022/02/16 11:00:00+00,631,59,62,89
-6.292,53.3605,711,2022/02/17 11:00:00+00,639,61,57,120
-6.292,53.3605,712,2022/02/18 11:00:00+00,591,39,67,84
-6.292,53.3605,713,2022/02/19 11:00:00+00,579,39,58,83
-6.292,53.3605,714,2022/02/20 11:00:00+00,594,33,31,64
-6.292,53.3605,715,2022/02/21 11:00:00+00,636,36,22,71
-6.292,53.3605,716,2022/02/22 11:00:00+00,608,38,59,92
-6.292,53.3605,717,2022/02/23 11:00:00+00,593,50,54,92
-6.292,53.3605,718,2022/02/24 11:00:00+00,611,63,51,94
-6.292,53.3605,719,2022/02/25 11:00:00+00,630,50,57,106
-6.292,53.3605,720,2022/02/26 11:00:00+00,583,50,73,88
-6.292,53.3605,721,2022/02/27 11:00:00+00,603,39,28,65
-6.292,53.3605,722,2022/02/28 11:00:00+00,610,38,22,70
-6.292,53.3605,723,2022/03/01 11:00:00+00,616,54,69,122
-6.292,53.3605,724,2022/03/02 11:00:00+00,653,56,58,118
-6.292,53.3605,725,2022/03/03 11:00:00+00,661,52,62,101
-6.292,53.3605,726,2022/03/04 11:00:00+00,670,47,53,99
-6.292,53.3605,727,2022/03/05 11:00:00+00,673,47,62,94
-6.292,53.3605,728,2022/03/06 11:00:00+00,749,42,21,115
-6.292,53.3605,729,2022/03/07 11:00:00+00,808,37,24,103
-6.292,53.3605,730,2022/03/08 11:00:00+00,803,33,63,125
-6.292,53.3605,731,2022/03/09 11:00:00+00,829,53,68,129
-6.292,53.3605,732,2022/03/10 11:00:00+00,877,61,60,157
-6.292,53.3605,733,2022/03/11 11:00:00+00,907,84,70,158
-6.292,53.3605,734,2022/03/12 11:00:00+00,895,59,88,136
-6.292,53.3605,735,2022/03/13 11:00:00+00,957,49,41,129
-6.292,53.3605,736,2022/03/14 11:00:00+00,1042,56,35,145
-6.292,53.3605,737,2022/03/15 11:00:00+00,1047,73,114,208
-6.292,53.3605,738,2022/03/16 11:00:00+00,1081,78,80,177
-6.292,53.3605,739,2022/03/17 11:00:00+00,1031,50,114,152
-6.292,53.3605,740,2022/03/18 11:00:00+00,1074,58,57,141
-6.292,53.3605,741,2022/03/19 11:00:00+00,1127,70,54,148
-6.292,53.3605,742,2022/03/20 11:00:00+00,1185,74,45,153
-6.292,53.3605,743,2022/03/21 11:00:00+00,1308,77,29,172
-6.292,53.3605,744,2022/03/22 11:00:00+00,1339,87,101,203
-6.292,53.3605,745,2022/03/23 11:00:00+00,1395,99,97,225
-6.292,53.3605,746,2022/03/24 11:00:00+00,1425,97,114,205
-6.292,53.3605,747,2022/03/25 11:00:00+00,1466,104,116,235
-6.292,53.3605,748,2022/03/26 11:00:00+00,1458,97,145,234
-6.292,53.3605,749,2022/03/27 11:00:00+00,1569,96,55,221
-6.292,53.3605,750,2022/03/28 11:00:00+00,1624,71,63,169
-6.292,53.3605,751,2022/03/29 11:00:00+00,1601,76,130,198
-6.292,53.3605,752,2022/03/30 11:00:00+00,1610,84,126,208
-6.292,53.3605,753,2022/03/31 11:00:00+00,1535,100,121,175
-6.292,53.3605,754,2022/04/01 11:00:00+00,1468,75,114,156
-6.292,53.3605,755,2022/04/02 11:00:00+00,1415,76,137,195
-6.292,53.3605,756,2022/04/03 11:00:00+00,1404,56,39,104
-6.292,53.3605,757,2022/04/04 11:00:00+00,1433,66,50,137
-6.292,53.3605,758,2022/04/05 11:00:00+00,1360,80,108,171
-6.292,53.3605,759,2022/04/06 11:00:00+00,1333,67,104,159
-6.292,53.3605,760,2022/04/07 11:00:00+00,1245,79,96,161
-6.292,53.3605,761,2022/04/08 11:00:00+00,1182,77,95,135
-6.292,53.3605,762,2022/04/09 11:00:00+00,1069,64,100,109
-6.292,53.3605,763,2022/04/10 11:00:00+00,1061,60,37,92
-6.292,53.3605,764,2022/04/11 11:00:00+00,1081,50,33,98
-6.292,53.3605,765,2022/04/12 11:00:00+00,1004,54,98,125
-6.292,53.3605,766,2022/04/13 11:00:00+00,933,73,96,126
-6.292,53.3605,767,2022/04/14 11:00:00+00,904,53,83,108
-6.292,53.3605,768,2022/04/15 11:00:00+00,809,51,85,118
-6.292,53.3605,769,2022/04/16 11:00:00+00,735,55,83,89
-6.292,53.3605,770,2022/04/17 11:00:00+00,754,47,30,90
-6.292,53.3605,771,2022/04/18 11:00:00+00,742,36,32,63
-6.292,53.3605,772,2022/04/19 11:00:00+00,750,34,16,70
-6.292,53.3605,773,2022/04/20 11:00:00+00,706,68,73,110
-6.292,53.3605,774,2022/04/21 11:00:00+00,654,47,67,85
-6.292,53.3605,775,2022/04/22 11:00:00+00,599,52,75,89
-6.292,53.3605,776,2022/04/23 11:00:00+00,532,33,86,61
-6.292,53.3605,777,2022/04/24 11:00:00+00,520,23,20,47
-6.292,53.3605,778,2022/04/25 11:00:00+00,535,26,15,55
-6.292,53.3605,779,2022/04/26 11:00:00+00,478,43,47,71
-6.292,53.3605,780,2022/04/27 11:00:00+00,435,37,51,67
-6.292,53.3605,781,2022/04/28 11:00:00+00,412,33,44,58
-6.292,53.3605,782,2022/04/29 11:00:00+00,379,42,43,64
-6.292,53.3605,783,2022/04/30 11:00:00+00,349,31,45,47
-6.292,53.3605,784,2022/05/01 11:00:00+00,353,21,14,40
-6.292,53.3605,785,2022/05/02 11:00:00+00,366,27,18,49
-6.292,53.3605,786,2022/05/03 11:00:00+00,396,28,7,52
-6.292,53.3605,787,2022/05/04 11:00:00+00,347,19,32,59
-6.292,53.3605,788,2022/05/05 11:00:00+00,336,31,42,69
-6.292,53.3605,789,2022/05/06 11:00:00+00,310,20,29,41
-6.292,53.3605,790,2022/05/07 11:00:00+00,281,21,38,41
-6.292,53.3605,791,2022/05/08 11:00:00+00,293,20,17,40
-6.292,53.3605,792,2022/05/09 11:00:00+00,304,22,6,32
-6.292,53.3605,793,2022/05/10 11:00:00+00,268,21,29,42
-6.292,53.3605,794,2022/05/11 11:00:00+00,254,21,29,43
-6.292,53.3605,795,2022/05/12 11:00:00+00,242,16,27,35
-6.292,53.3605,796,2022/05/13 11:00:00+00,235,29,29,56
-6.292,53.3605,797,2022/05/14 11:00:00+00,236,26,24,45
-6.292,53.3605,798,2022/05/15 11:00:00+00,240,21,14,36
-6.292,53.3605,799,2022/05/16 11:00:00+00,255,17,9,34
-6.292,53.3605,800,2022/05/17 11:00:00+00,263,26,17,39
-6.292,53.3605,801,2022/05/18 11:00:00+00,256,20,30,46
-6.292,53.3605,802,2022/05/19 11:00:00+00,241,24,21,29
-6.292,53.3605,803,2022/05/20 11:00:00+00,231,27,22,39
-6.292,53.3605,804,2022/05/21 11:00:00+00,206,21,24,29
-6.292,53.3605,805,2022/05/22 11:00:00+00,214,20,10,28
-6.292,53.3605,806,2022/05/23 11:00:00+00,230,12,5,31
-6.292,53.3605,807,2022/05/24 11:00:00+00,218,21,21,47
-6.292,53.3605,808,2022/05/25 11:00:00+00,191,16,27,25
-6.292,53.3605,809,2022/05/26 11:00:00+00,185,21,28,36
-6.292,53.3605,810,2022/05/27 11:00:00+00,183,26,28,39
-6.292,53.3605,811,2022/05/28 11:00:00+00,167,21,24,34
-6.292,53.3605,812,2022/05/29 11:00:00+00,181,20,9,34
-6.292,53.3605,813,2022/05/30 11:00:00+00,198,24,4,33
-6.292,53.3605,814,2022/05/31 11:00:00+00,180,19,19,33
-6.292,53.3605,815,2022/06/01 11:00:00+00,191,29,23,46
-6.292,53.3605,816,2022/06/02 11:00:00+00,197,28,25,41
-6.292,53.3605,817,2022/06/03 11:00:00+00,210,25,21,50
-6.292,53.3605,818,2022/06/04 11:00:00+00,210,25,32,48
-6.292,53.3605,819,2022/06/05 11:00:00+00,232,21,18,46
-6.292,53.3605,820,2022/06/06 11:00:00+00,256,21,14,43
-6.292,53.3605,821,2022/06/07 11:00:00+00,271,16,8,35
-6.292,53.3605,822,2022/06/08 11:00:00+00,289,28,27,75
-6.292,53.3605,823,2022/06/09 11:00:00+00,311,25,30,72
-6.292,53.3605,824,2022/06/10 11:00:00+00,355,35,24,74
-6.292,53.3605,825,2022/06/11 11:00:00+00,360,31,42,65
-6.292,53.3605,826,2022/06/12 11:00:00+00,397,31,13,60
-6.292,53.3605,827,2022/06/13 11:00:00+00,453,33,11,72
-6.292,53.3605,828,2022/06/14 11:00:00+00,459,39,43,88
-6.292,53.3605,829,2022/06/15 11:00:00+00,477,38,32,74
-6.292,53.3605,830,2022/06/16 11:00:00+00,496,41,52,76
-6.292,53.3605,831,2022/06/17 11:00:00+00,515,36,40,69
-6.292,53.3605,832,2022/06/18 11:00:00+00,537,37,45,95
-6.292,53.3605,833,2022/06/19 11:00:00+00,574,40,30,79
-6.292,53.3605,834,2022/06/20 11:00:00+00,606,34,10,80
-6.292,53.3605,835,2022/06/21 11:00:00+00,627,61,46,105
-6.292,53.3605,836,2022/06/22 11:00:00+00,629,43,46,96
-6.292,53.3605,837,2022/06/23 11:00:00+00,685,38,43,102
-6.292,53.3605,838,2022/06/24 11:00:00+00,697,65,71,133
-6.292,53.3605,839,2022/06/25 11:00:00+00,683,45,54,91
-6.292,53.3605,840,2022/06/26 11:00:00+00,746,65,28,104
-6.292,53.3605,841,2022/06/27 11:00:00+00,765,38,28,97
-6.292,53.3605,842,2022/06/28 11:00:00+00,751,56,70,102
-6.292,53.3605,843,2022/06/29 11:00:00+00,776,55,59,117
-6.292,53.3605,844,2022/06/30 11:00:00+00,798,58,58,137
-6.292,53.3605,845,2022/07/01 11:00:00+00,812,70,66,134
-6.292,53.3605,846,2022/07/02 11:00:00+00,796,62,111,133
-6.292,53.3605,847,2022/07/03 11:00:00+00,826,51,47,103
-6.292,53.3605,848,2022/07/04 11:00:00+00,885,53,28,117
-6.292,53.3605,849,2022/07/05 11:00:00+00,849,81,102,137
-6.292,53.3605,850,2022/07/06 11:00:00+00,906,83,83,163
-6.292,53.3605,851,2022/07/07 11:00:00+00,904,76,112,162
-6.292,53.3605,852,2022/07/08 11:00:00+00,905,65,87,136
-6.292,53.3605,853,2022/07/09 11:00:00+00,947,68,84,161
-6.292,53.3605,854,2022/07/10 11:00:00+00,987,64,47,133
-6.292,53.3605,855,2022/07/11 11:00:00+00,1055,54,30,139
-6.292,53.3605,856,2022/07/12 11:00:00+00,1035,62,74,141
-6.292,53.3605,857,2022/07/13 11:00:00+00,1018,78,86,138
-6.292,53.3605,858,2022/07/14 11:00:00+00,981,75,88,140
-6.292,53.3605,859,2022/07/15 11:00:00+00,943,58,82,126
-6.292,53.3605,860,2022/07/16 11:00:00+00,888,51,79,90
-6.292,53.3605,861,2022/07/17 11:00:00+00,887,44,35,61
-6.292,53.3605,862,2022/07/18 11:00:00+00,903,49,35,92
-6.292,53.3605,863,2022/07/19 11:00:00+00,815,57,71,108
-6.292,53.3605,864,2022/07/20 11:00:00+00,782,48,57,108
-6.292,53.3605,865,2022/07/21 11:00:00+00,740,43,75,91
-6.292,53.3605,866,2022/07/22 11:00:00+00,704,54,65,144
-6.292,53.3605,867,2022/07/23 11:00:00+00,636,51,56,82
-6.292,53.3605,868,2022/07/24 11:00:00+00,631,40,19,67
-6.292,53.3605,869,2022/07/25 11:00:00+00,635,50,15,73
-6.292,53.3605,870,2022/07/26 11:00:00+00,596,37,51,70
-6.292,53.3605,871,2022/07/27 11:00:00+00,551,35,56,65
-6.292,53.3605,872,2022/07/28 11:00:00+00,513,36,54,61
-6.292,53.3605,873,2022/07/29 11:00:00+00,470,19,46,44
-6.292,53.3605,874,2022/07/30 11:00:00+00,411,28,55,61
-6.292,53.3605,875,2022/07/31 11:00:00+00,406,30,27,47
-6.292,53.3605,876,2022/08/01 11:00:00+00,424,15,12,51
-6.292,53.3605,877,2022/08/02 11:00:00+00,435,26,14,51
-6.292,53.3605,878,2022/08/03 11:00:00+00,417,31,23,66
-6.292,53.3605,879,2022/08/04 11:00:00+00,398,32,51,72
-6.292,53.3605,880,2022/08/05 11:00:00+00,380,27,34,53
-6.292,53.3605,881,2022/08/06 11:00:00+00,371,35,28,67
-6.292,53.3605,882,2022/08/07 11:00:00+00,382,30,20,51
-6.292,53.3605,883,2022/08/08 11:00:00+00,384,17,20,34
-6.292,53.3605,884,2022/08/09 11:00:00+00,355,30,36,50
-6.292,53.3605,885,2022/08/10 11:00:00+00,349,36,32,70
-6.292,53.3605,886,2022/08/11 11:00:00+00,352,40,28,55
-6.292,53.3605,887,2022/08/12 11:00:00+00,364,31,36,65
-6.292,53.3605,888,2022/08/13 11:00:00+00,333,24,39,52
-6.292,53.3605,889,2022/08/14 11:00:00+00,337,26,15,38
-6.292,53.3605,890,2022/08/15 11:00:00+00,361,31,10,55
-6.292,53.3605,891,2022/08/16 11:00:00+00,325,29,22,48
-6.292,53.3605,892,2022/08/17 11:00:00+00,307,21,34,46
-6.292,53.3605,893,2022/08/18 11:00:00+00,300,20,24,44
-6.292,53.3605,894,2022/08/19 11:00:00+00,291,26,25,41
-6.292,53.3605,895,2022/08/20 11:00:00+00,285,29,22,46
-6.292,53.3605,896,2022/08/21 11:00:00+00,276,11,9,22
-6.292,53.3605,897,2022/08/22 11:00:00+00,294,20,8,38
-6.292,53.3605,898,2022/08/23 11:00:00+00,275,25,21,46
-6.292,53.3605,899,2022/08/24 11:00:00+00,285,24,23,58
-6.292,53.3605,900,2022/08/25 11:00:00+00,288,35,24,57
-6.292,53.3605,901,2022/08/26 11:00:00+00,257,8,19,15
-6.292,53.3605,902,2022/08/27 11:00:00+00,249,21,20,40
-6.292,53.3605,903,2022/08/28 11:00:00+00,250,17,13,32
-6.292,53.3605,904,2022/08/29 11:00:00+00,268,17,7,40
-6.292,53.3605,905,2022/08/30 11:00:00+00,253,23,25,42
-6.292,53.3605,906,2022/08/31 11:00:00+00,262,30,25,49
-6.292,53.3605,907,2022/09/01 11:00:00+00,267,23,18,44
-6.292,53.3605,908,2022/09/02 11:00:00+00,243,24,23,31
-6.292,53.3605,909,2022/09/03 11:00:00+00,232,20,24,35
-6.292,53.3605,910,2022/09/04 11:00:00+00,236,17,4,32
-6.292,53.3605,911,2022/09/05 11:00:00+00,253,25,5,33
-6.292,53.3605,912,2022/09/06 11:00:00+00,244,23,27,40
-6.292,53.3605,913,2022/09/07 11:00:00+00,243,26,21,41
-6.292,53.3605,914,2022/09/08 11:00:00+00,240,26,20,43
-6.292,53.3605,915,2022/09/09 11:00:00+00,242,23,20,42
-6.292,53.3605,916,2022/09/10 11:00:00+00,238,20,18,40
-6.292,53.3605,917,2022/09/11 11:00:00+00,240,15,7,33
-6.292,53.3605,918,2022/09/12 11:00:00+00,264,16,7,30
-6.292,53.3605,919,2022/09/13 11:00:00+00,257,18,28,30
-6.292,53.3605,920,2022/09/14 11:00:00+00,233,14,27,25
-6.292,53.3605,921,2022/09/15 11:00:00+00,236,19,19,36
-6.292,53.3605,922,2022/09/16 11:00:00+00,251,21,25,49
-6.292,53.3605,923,2022/09/17 11:00:00+00,253,15,19,44
-6.292,53.3605,924,2022/09/18 11:00:00+00,265,14,15,30
-6.292,53.3605,925,2022/09/19 11:00:00+00,284,15,5,37
-6.292,53.3605,926,2022/09/20 11:00:00+00,284,22,17,54
-6.292,53.3605,927,2022/09/21 11:00:00+00,299,30,26,63
-6.292,53.3605,928,2022/09/22 11:00:00+00,290,17,18,36
-6.292,53.3605,929,2022/09/23 11:00:00+00,300,26,17,46
-6.292,53.3605,930,2022/09/24 11:00:00+00,305,20,28,49
-6.292,53.3605,931,2022/09/25 11:00:00+00,318,20,12,35
-6.292,53.3605,932,2022/09/26 11:00:00+00,328,19,9,36
-6.292,53.3605,933,2022/09/27 11:00:00+00,327,33,23,56
-6.292,53.3605,934,2022/09/28 11:00:00+00,329,22,26,58
-6.292,53.3605,935,2022/09/29 11:00:00+00,331,22,27,57
-6.292,53.3605,936,2022/09/30 11:00:00+00,335,19,25,56
-6.292,53.3605,937,2022/10/01 11:00:00+00,354,22,23,63
-6.292,53.3605,938,2022/10/02 11:00:00+00,358,23,18,37
-6.292,53.3605,939,2022/10/03 11:00:00+00,416,28,9,79
-6.292,53.3605,940,2022/10/04 11:00:00+00,409,21,30,63
-6.292,53.3605,941,2022/10/05 11:00:00+00,406,25,35,62
-6.292,53.3605,942,2022/10/06 11:00:00+00,402,24,41,59
-6.292,53.3605,943,2022/10/07 11:00:00+00,421,31,24,60
-6.292,53.3605,944,2022/10/08 11:00:00+00,427,22,27,69
-6.292,53.3605,945,2022/10/09 11:00:00+00,433,26,16,53
-6.292,53.3605,946,2022/10/10 11:00:00+00,464,27,9,56
-6.292,53.3605,947,2022/10/11 11:00:00+00,474,34,37,75
-6.292,53.3605,948,2022/10/12 11:00:00+00,486,26,30,73
-6.292,53.3605,949,2022/10/13 11:00:00+00,459,29,39,59
-6.292,53.3605,950,2022/10/14 11:00:00+00,434,26,33,56
-6.292,53.3605,951,2022/10/15 11:00:00+00,433,26,31,55
-6.292,53.3605,952,2022/10/16 11:00:00+00,446,25,10,50
-6.292,53.3605,953,2022/10/17 11:00:00+00,470,30,9,62
-6.292,53.3605,954,2022/10/18 11:00:00+00,451,32,36,65
-6.292,53.3605,955,2022/10/19 11:00:00+00,442,34,38,68
-6.292,53.3605,956,2022/10/20 11:00:00+00,442,19,35,63
-6.292,53.3605,957,2022/10/21 11:00:00+00,442,23,31,71
-6.292,53.3605,958,2022/10/22 11:00:00+00,433,29,36,71
-6.292,53.3605,959,2022/10/23 11:00:00+00,447,16,9,47
-6.292,53.3605,960,2022/10/24 11:00:00+00,472,24,5,55
-6.292,53.3605,961,2022/10/25 11:00:00+00,446,30,27,51
-6.292,53.3605,962,2022/10/26 11:00:00+00,430,25,31,50
-6.292,53.3605,963,2022/10/27 11:00:00+00,440,24,23,65
-6.292,53.3605,964,2022/10/28 11:00:00+00,420,24,21,55
-6.292,53.3605,965,2022/10/29 11:00:00+00,415,21,23,39
-6.292,53.3605,966,2022/10/30 11:00:00+00,408,20,15,42
-6.292,53.3605,967,2022/10/31 11:00:00+00,418,16,7,35
-6.292,53.3605,968,2022/11/01 11:00:00+00,441,31,8,59
-6.292,53.3605,969,2022/11/02 11:00:00+00,410,22,25,54
-6.292,53.3605,970,2022/11/03 11:00:00+00,394,15,27,47
-6.292,53.3605,971,2022/11/04 11:00:00+00,368,19,22,52
-6.292,53.3605,972,2022/11/05 11:00:00+00,369,19,23,43
-6.292,53.3605,973,2022/11/06 11:00:00+00,364,24,7,41
-6.292,53.3605,974,2022/11/07 11:00:00+00,353,26,11,52
-6.292,53.3605,975,2022/11/08 11:00:00+00,366,28,27,61
-6.292,53.3605,976,2022/11/09 11:00:00+00,339,22,33,52
-6.292,53.3605,977,2022/11/10 11:00:00+00,335,25,17,60
-6.292,53.3605,978,2022/11/11 11:00:00+00,328,23,24,46
-6.292,53.3605,979,2022/11/12 11:00:00+00,300,21,34,36
-6.292,53.3605,980,2022/11/13 11:00:00+00,297,18,11,36
-6.292,53.3605,981,2022/11/14 11:00:00+00,317,25,13,41
-6.292,53.3605,982,2022/11/15 11:00:00+00,317,18,21,51
-6.292,53.3605,983,2022/11/16 11:00:00+00,316,26,30,54
-6.292,53.3605,984,2022/11/17 11:00:00+00,301,14,15,36
-6.292,53.3605,985,2022/11/18 11:00:00+00,298,21,26,42
-6.292,53.3605,986,2022/11/19 11:00:00+00,267,22,19,44
-6.292,53.3605,987,2022/11/20 11:00:00+00,286,22,5,38
-6.292,53.3605,988,2022/11/21 11:00:00+00,304,11,3,42
-6.292,53.3605,989,2022/11/22 11:00:00+00,300,29,22,60
