FID,LE_ID,ENGLISH,COUNTY,GUID,Pop2016,C19_P14_T,P14_100k,P14_100k_T,Ire_IncP14,EventDate
1,13160403,RATOATH LEA-7,MEATH,2ae19629-3f1b-13a3-e055-000000000001,33318,596,1788.8,1788.8,1305.1,2021/12/13 00:00:00+00
2,13210401,ROSCREA-TEMPLEMORE LEA-4,TIPPERARY,2ae19629-3f2d-13a3-e055-000000000001,16594,192,1157,1157,1305.1,2021/12/13 00:00:00+00
3,13180401,TULLAMORE LEA-7,OFFALY,2ae19629-3f22-13a3-e055-000000000001,29159,344,1179.7,1179.7,1305.1,2021/12/13 00:00:00+00
4,1360401,TUAM LEA-7,GALWAY,2ae19629-3f49-13a3-e055-000000000001,33191,253,762.3,762.3,1305.1,2021/12/13 00:00:00+00
5,13100400,BORRIS-IN-OSSORY -MOUNTMELLICK LEA-6,LAOIS,2ae19629-3eff-13a3-e055-000000000001,24807,279,1124.7,1124.7,1305.1,2021/12/13 00:00:00+00
6,13230402,KINNEGAD LEA-5,WESTMEATH,2ae19629-3f38-13a3-e055-000000000001,21674,313,1444.1,1444.1,1305.1,2021/12/13 00:00:00+00
7,13260428,DONAGHMEDE LEA-5,DUBLIN,2ae19629-3f5e-13a3-e055-000000000001,41593,726,1745.5,1745.5,1305.1,2021/12/13 00:00:00+00
8,1350401,MILFORD LEA-3,DONEGAL,2ae19629-3f44-13a3-e055-000000000001,13771,118,856.9,856.9,1305.1,2021/12/13 00:00:00+00
9,1360422,GALWAY CITY EAST LEA-6,GALWAY,2ae19629-3f6a-13a3-e055-000000000001,26595,415,1560.4,1560.4,1305.1,2021/12/13 00:00:00+00
10,13170402,BALLYBAY-CLONES LEA-5,MONAGHAN,2ae19629-3f20-13a3-e055-000000000001,17255,160,927.3,927.3,1305.1,2021/12/13 00:00:00+00
11,1380405,CLANE LEA-5,KILDARE,2ae19629-3ef4-13a3-e055-999880000001,28437,417,1466.4,1466.4,1305.1,2021/12/13 00:00:00+00
12,1320400,CAVAN - BELTURBET LEA-6,CAVAN,2ae19629-3f29-13a3-e055-000000000001,25959,221,851.3,851.3,1305.1,2021/12/13 00:00:00+00
13,13260412,TALLAGHT CENTRAL LEA-6,DUBLIN,2ae19629-3f51-13a3-e055-000000000001,43215,530,1226.4,1226.4,1305.1,2021/12/13 00:00:00+00
14,13230401,MOATE LEA-4,WESTMEATH,2ae19629-3f37-13a3-e055-000000000001,18444,221,1198.2,1198.2,1305.1,2021/12/13 00:00:00+00
15,13210400,NENAGH LEA-5,TIPPERARY,2ae19629-3f2c-13a3-e055-000000000001,21373,340,1590.8,1590.8,1305.1,2021/12/13 00:00:00+00
16,13140400,DUNDALK-CARLINGFORD LEA-6,LOUTH,2ae19629-3f10-13a3-e055-000000000001,25599,308,1203.2,1203.2,1305.1,2021/12/13 00:00:00+00
17,13260422,BALLYFERMOT-DRIMNAGH LEA-5,DUBLIN,2ae19629-3f58-13a3-e055-000000000001,46068,731,1586.8,1586.8,1305.1,2021/12/13 00:00:00+00
18,13260406,DUNDRUM LEA-7,DUBLIN,2ae19629-3efd-13a3-e055-000000000001,37452,430,1148.1,1148.1,1305.1,2021/12/13 00:00:00+00
19,13260404,HOWTH-MALAHIDE LEA-7,DUBLIN,2ae19629-3efb-13a3-e055-000000000001,56139,867,1544.4,1544.4,1305.1,2021/12/13 00:00:00+00
20,13260419,PALMERSTOWN-FONTHILL LEA-5,DUBLIN,2ae19629-3ef4-13a3-e055-999770000001,38035,679,1785.2,1785.2,1305.1,2021/12/13 00:00:00+00
21,13220421,WATERFORD CITY SOUTH LEA-6,WATERFORD,2ae19629-3f34-13a3-e055-000000000001,22476,439,1953.2,1953.2,1305.1,2021/12/13 00:00:00+00
22,13140402,ARDEE LEA-6,LOUTH,2ae19629-3f12-13a3-e055-000000000001,25317,346,1366.7,1366.7,1305.1,2021/12/13 00:00:00+00
23,13140403,DROGHEDA RURAL LEA-4,LOUTH,2ae19629-3f13-13a3-e055-000000000001,17876,196,1096.4,1096.4,1305.1,2021/12/13 00:00:00+00
24,13110400,MANORHAMILTON LEA-6,LEITRIM,2ae19629-3f04-13a3-e055-000000000001,10821,55,508.3,508.3,1305.1,2021/12/13 00:00:00+00
25,13250403,WICKLOW LEA-6,WICKLOW,2ae19629-3ef5-13a3-e055-000000000001,28219,343,1215.5,1215.5,1305.1,2021/12/13 00:00:00+00
26,13160402,ASHBOURNE LEA-6,MEATH,2ae19629-3f1a-13a3-e055-000000000001,29081,497,1709,1709,1305.1,2021/12/13 00:00:00+00
27,13170400,MONAGHAN LEA-7,MONAGHAN,2ae19629-3f1e-13a3-e055-000000000001,22695,201,885.7,885.7,1305.1,2021/12/13 00:00:00+00
28,13100402,GRAIGUECULLEN -PORTARLINGTON-LEA-6,LAOIS,2ae19629-3f01-13a3-e055-000000000001,28096,417,1484.2,1484.2,1305.1,2021/12/13 00:00:00+00
29,13210404,CASHEL-TIPPERARY LEA-7,TIPPERARY,2ae19629-3f30-13a3-e055-000000000001,27382,329,1201.5,1201.5,1305.1,2021/12/13 00:00:00+00
30,13250400,BALTINGLASS LEA-6,WICKLOW,2ae19629-3f3d-13a3-e055-000000000001,26167,416,1589.8,1589.8,1305.1,2021/12/13 00:00:00+00
31,13260402,BLANCHARDSTOWN-MULHUDDART LEA-5,DUBLIN,2ae19629-3ef9-13a3-e055-000000000001,35307,699,1979.8,1979.8,1305.1,2021/12/13 00:00:00+00
32,13260405,STILLORGAN LEA-6,DUBLIN,2ae19629-3efc-13a3-e055-000000000001,30508,304,996.5,996.5,1305.1,2021/12/13 00:00:00+00
33,13260425,SOUTH EAST INNER CITY LEA-5,DUBLIN,2ae19629-3f5b-13a3-e055-000000000001,40603,478,1177.3,1177.3,1305.1,2021/12/13 00:00:00+00
34,1310400,CARLOW LEA-7,CARLOW,2ae19629-3f02-13a3-e055-000000000001,22650,303,1337.7,1337.7,1305.1,2021/12/13 00:00:00+00
35,1340400,KANTURK LEA-4,CORK,2ae19629-3f63-13a3-e055-000000000001,24935,234,938.4,938.4,1305.1,2021/12/13 00:00:00+00
36,1390402,PILTOWN LEA-5,KILKENNY,2ae19629-3f76-13a3-e055-000000000001,21343,320,1499.3,1499.3,1305.1,2021/12/13 00:00:00+00
37,13260426,NORTH INNER CITY LEA-7,DUBLIN,2ae19629-3f5c-13a3-e055-000000000001,63612,865,1359.8,1359.8,1305.1,2021/12/13 00:00:00+00
38,13150403,BELMULLET-LEA-3,MAYO,2ae19629-3f17-13a3-e055-000000000001,12600,81,642.9,642.9,1305.1,2021/12/13 00:00:00+00
39,13260430,SOUTH WEST INNER CITY LEA-5,DUBLIN,2ae19629-3ef4-13a3-e055-999660000001,42344,656,1549.2,1549.2,1305.1,2021/12/13 00:00:00+00
40,1340403,CARRIGALINE LEA-6,CORK,2ae19629-3f66-13a3-e055-000000000001,35141,457,1300.5,1300.5,1305.1,2021/12/13 00:00:00+00
41,1390400,CASTLECOMER LEA-6,KILKENNY,2ae19629-3f74-13a3-e055-000000000001,23581,264,1119.5,1119.5,1305.1,2021/12/13 00:00:00+00
42,13260400,RUSH-LUSK LEA-5,DUBLIN,2ae19629-3ef7-13a3-e055-000000000001,34674,648,1868.8,1868.8,1305.1,2021/12/13 00:00:00+00
43,13150401,CLAREMORRIS LEA-6,MAYO,2ae19629-3f15-13a3-e055-000000000001,27141,209,770.1,770.1,1305.1,2021/12/13 00:00:00+00
44,1370402,KILLARNEY LEA-7,KERRY,2ae19629-3f6d-13a3-e055-000000000001,29607,393,1327.4,1327.4,1305.1,2021/12/13 00:00:00+00
45,13220420,TRAMORE-WATERFORD CITY WEST LEA-6,WATERFORD,2ae19629-3f33-13a3-e055-000000000001,22372,276,1233.7,1233.7,1305.1,2021/12/13 00:00:00+00
46,1360404,ATHENRY-ORANMORE LEA-7,GALWAY,2ae19629-3f4c-13a3-e055-000000000001,32833,280,852.8,852.8,1305.1,2021/12/13 00:00:00+00
47,1340414,CORK CITY SOUTH WEST LEA-7,CORK,2ae19629-3ef4-13a3-e055-000012000001,47049,814,1730.1,1730.1,1305.1,2021/12/13 00:00:00+00
48,13200400,BALLYMOTE-TOBERCURRY LEA-7,SLIGO,2ae19629-3f27-13a3-e055-000000000001,26731,206,770.6,770.6,1305.1,2021/12/13 00:00:00+00
49,13120421,LIMERICK CITY NORTH LEA-7,LIMERICK,2ae19629-3f0b-13a3-e055-000000000001,34714,325,936.2,936.2,1305.1,2021/12/13 00:00:00+00
50,1360403,LOUGHREA LEA-5,GALWAY,2ae19629-3f4b-13a3-e055-000000000001,23219,261,1124.1,1124.1,1305.1,2021/12/13 00:00:00+00
51,1340411,CORK CITY NORTH EAST LEA-6,CORK,2ae19629-3ef4-13a3-e055-999440000001,42169,661,1567.5,1567.5,1305.1,2021/12/13 00:00:00+00
52,13160400,KELLS LEA-7,MEATH,2ae19629-3f18-13a3-e055-000000000001,32398,371,1145.1,1145.1,1305.1,2021/12/13 00:00:00+00
53,13240400,GOREY LEA-6,WEXFORD,2ae19629-3f39-13a3-e055-000000000001,27351,393,1436.9,1436.9,1305.1,2021/12/13 00:00:00+00
54,1360405,GORT-KINVARA LEA-5,GALWAY,2ae19629-3ef4-13a3-e055-999330000001,23505,199,846.6,846.6,1305.1,2021/12/13 00:00:00+00
55,13260416,CLONDALKIN LEA-7,DUBLIN,2ae19629-3f55-13a3-e055-000000000001,46520,778,1672.4,1672.4,1305.1,2021/12/13 00:00:00+00
56,13180400,BIRR LEA-6,OFFALY,2ae19629-3f21-13a3-e055-000000000001,25476,286,1122.6,1122.6,1305.1,2021/12/13 00:00:00+00
57,13260420,BALLYMUN-FINGLAS LEA-6,DUBLIN,2ae19629-3f56-13a3-e055-000000000001,55010,953,1732.4,1732.4,1305.1,2021/12/13 00:00:00+00
58,13240404,WEXFORD LEA-7,WEXFORD,2ae19629-3ef4-13a3-e055-000024000001,29114,348,1195.3,1195.3,1305.1,2021/12/13 00:00:00+00
59,13240401,KILMUCKRIDGE LEA-4,WEXFORD,2ae19629-3f3a-13a3-e055-000000000001,16725,168,1004.5,1004.5,1305.1,2021/12/13 00:00:00+00
60,1370400,LISTOWEL LEA-6,KERRY,2ae19629-3f6b-13a3-e055-000000000001,28674,283,987,987,1305.1,2021/12/13 00:00:00+00
61,1350406,LIFFORD-STRANORLAR LEA-6,DONEGAL,2ae19629-3ef4-13a3-e055-075000000001,25889,299,1154.9,1154.9,1305.1,2021/12/13 00:00:00+00
62,1330404,KILRUSH LEA-5,CLARE,2ae19629-3ef4-13a3-e055-000000044001,20994,172,819.3,819.3,1305.1,2021/12/13 00:00:00+00
63,1340412,CORK CITY SOUTH EAST LEA-6,CORK,2ae19629-3ef4-13a3-e055-999990000001,42782,611,1428.2,1428.2,1305.1,2021/12/13 00:00:00+00
64,1340402,MIDLETON LEA-7,CORK,2ae19629-3f65-13a3-e055-000000000001,45441,666,1465.6,1465.6,1305.1,2021/12/13 00:00:00+00
65,13120400,NEWCASTLE WEST LEA-6,LIMERICK,2ae19629-3f07-13a3-e055-000000000001,27416,169,616.4,616.4,1305.1,2021/12/13 00:00:00+00
66,13250405,BRAY EAST LEA-4,WICKLOW,2ae19629-3ef4-13a3-e055-999220000001,17127,150,875.8,875.8,1305.1,2021/12/13 00:00:00+00
67,1390401,KILKENNY LEA-7,KILKENNY,2ae19629-3f75-13a3-e055-000000000001,28951,438,1512.9,1512.9,1305.1,2021/12/13 00:00:00+00
68,13130402,LONGFORD LEA-7,LONGFORD,2ae19629-3f0f-13a3-e055-000000000001,16046,168,1047,1047,1305.1,2021/12/13 00:00:00+00
69,1380400,MAYNOOTH LEA-5,KILDARE,2ae19629-3f6f-13a3-e055-000000000001,29730,562,1890.3,1890.3,1305.1,2021/12/13 00:00:00+00
70,13180402,EDENDERRY LEA-6,OFFALY,2ae19629-3f23-13a3-e055-000000000001,23326,393,1684.8,1684.8,1305.1,2021/12/13 00:00:00+00
71,13140404,DROGHEDA URBAN LEA-6,LOUTH,2ae19629-3ef4-13a3-e055-997550000001,27656,313,1131.8,1131.8,1305.1,2021/12/13 00:00:00+00
72,13100401,PORTLAOISE LEA-7,LAOIS,2ae19629-3f00-13a3-e055-000000000001,31794,665,2091.6,2091.6,1305.1,2021/12/13 00:00:00+00
73,13260417,BALBRIGGAN LEA-5,DUBLIN,2ae19629-3ef4-13a3-e055-997440000001,36570,479,1309.8,1309.8,1305.1,2021/12/13 00:00:00+00
74,13260414,FIRHOUSE-BOHERNABREENA LEA-5,DUBLIN,2ae19629-3f53-13a3-e055-000000000001,34202,540,1578.9,1578.9,1305.1,2021/12/13 00:00:00+00
75,1380402,NAAS LEA-7,KILDARE,2ae19629-3f71-13a3-e055-000000000001,39126,671,1715,1715,1305.1,2021/12/13 00:00:00+00
76,1360400,CONAMARA NORTH LEA-4,GALWAY,2ae19629-3f48-13a3-e055-000000000001,17191,174,1012.2,1012.2,1305.1,2021/12/13 00:00:00+00
77,13210403,CLONMEL LEA-6,TIPPERARY,2ae19629-3f2f-13a3-e055-000000000001,24310,460,1892.2,1892.2,1305.1,2021/12/13 00:00:00+00
78,1320401,BAILIEBOROUGH - COOTEHILL LEA-6,CAVAN,2ae19629-3f2a-13a3-e055-000000000001,24415,241,987.1,987.1,1305.1,2021/12/13 00:00:00+00
79,1310401,TULLOW LEA-6,CARLOW,2ae19629-3f03-13a3-e055-000000000001,18652,341,1828.2,1828.2,1305.1,2021/12/13 00:00:00+00
80,1360406,CONAMARA SOUTH LEA-5,GALWAY,2ae19629-3ef4-13a3-e055-994560000001,21341,233,1091.8,1091.8,1305.1,2021/12/13 00:00:00+00
81,13250404,ARKLOW LEA-6,WICKLOW,2ae19629-3ef6-13a3-e055-000000000001,26185,282,1077,1077,1305.1,2021/12/13 00:00:00+00
82,1380406,LEIXLIP LEA-3,KILDARE,2ae19629-3ef4-13a3-e055-994510000001,15860,219,1380.8,1380.8,1305.1,2021/12/13 00:00:00+00
83,13130400,GRANARD LEA-5,LONGFORD,2ae19629-3f0d-13a3-e055-000000000001,10674,71,665.2,665.2,1305.1,2021/12/13 00:00:00+00
84,13140401,DUNDALK SOUTH LEA-7,LOUTH,2ae19629-3f11-13a3-e055-000000000001,32436,443,1365.8,1365.8,1305.1,2021/12/13 00:00:00+00
85,1340407,SKIBBEREEN-WEST CORK LEA-5,CORK,2ae19629-3f42-13a3-e055-000000000001,30281,242,799.2,799.2,1305.1,2021/12/13 00:00:00+00
86,13260421,CABRA-GLASNEVIN LEA-7,DUBLIN,2ae19629-3f57-13a3-e055-000000000001,58652,929,1583.9,1583.9,1305.1,2021/12/13 00:00:00+00
87,1390403,CALLAN-THOMASTOWN LEA-6,KILKENNY,2ae19629-3f77-13a3-e055-000000000001,25357,361,1423.7,1423.7,1305.1,2021/12/13 00:00:00+00
88,13240402,NEW ROSS LEA-6,WEXFORD,2ae19629-3f3b-13a3-e055-000000000001,27739,314,1132,1132,1305.1,2021/12/13 00:00:00+00
89,13210402,CARRICK-ON-SUIR  LEA-5,TIPPERARY,2ae19629-3f2e-13a3-e055-000000000001,19440,271,1394,1394,1305.1,2021/12/13 00:00:00+00
90,13230400,ATHLONE LEA-5,WESTMEATH,2ae19629-3f36-13a3-e055-000000000001,22692,310,1366.1,1366.1,1305.1,2021/12/13 00:00:00+00
91,13150400,BALLINA LEA-6,MAYO,2ae19629-3f14-13a3-e055-000000000001,25110,182,724.8,724.8,1305.1,2021/12/13 00:00:00+00
92,1350404,DONEGAL LEA-6,DONEGAL,2ae19629-3f47-13a3-e055-000000000001,26492,266,1004.1,1004.1,1305.1,2021/12/13 00:00:00+00
93,1360402,BALLINASLOE LEA-6,GALWAY,2ae19629-3f4a-13a3-e055-000000000001,28110,275,978.3,978.3,1305.1,2021/12/13 00:00:00+00
94,13210405,NEWPORT LEA-4,TIPPERARY,2ae19629-3ef4-13a3-e055-662310000001,16355,222,1357.4,1357.4,1305.1,2021/12/13 00:00:00+00
95,13260403,CASTLEKNOCK LEA-6,DUBLIN,2ae19629-3efa-13a3-e055-000000000001,46126,781,1693.2,1693.2,1305.1,2021/12/13 00:00:00+00
96,13120401,ADARE-RATHKEALE LEA-6,LIMERICK,2ae19629-3f08-13a3-e055-000000000001,27710,190,685.7,685.7,1305.1,2021/12/13 00:00:00+00
97,13240403,ROSSLARE LEA-5,WEXFORD,2ae19629-3f3c-13a3-e055-000000000001,21540,240,1114.2,1114.2,1305.1,2021/12/13 00:00:00+00
98,1340410,CORK CITY NORTH WEST LEA-6,CORK,2ae19629-3ef4-13a3-e055-774560000001,40186,638,1587.6,1587.6,1305.1,2021/12/13 00:00:00+00
99,1340401,FERMOY LEA-6,CORK,2ae19629-3f64-13a3-e055-000000000001,36406,484,1329.5,1329.5,1305.1,2021/12/13 00:00:00+00
100,13260424,PEMBROKE LEA-5,DUBLIN,2ae19629-3f5a-13a3-e055-000000000001,45473,519,1141.3,1141.3,1305.1,2021/12/13 00:00:00+00
101,13260411,LUCAN LEA-5,DUBLIN,2ae19629-3f50-13a3-e055-000000000001,33421,626,1873.1,1873.1,1305.1,2021/12/13 00:00:00+00
102,13250402,GREYSTONES LEA-6,WICKLOW,2ae19629-3ef4-13a3-e055-000000000001,26323,358,1360,1360,1305.1,2021/12/13 00:00:00+00
103,13260413,RATHFARNHAM-TEMPLEOGUE LEA-7,DUBLIN,2ae19629-3f52-13a3-e055-000000000001,47909,632,1319.2,1319.2,1305.1,2021/12/13 00:00:00+00
104,1310402,MUINEBEAG LEA-5,CARLOW,2ae19629-3ef4-13a3-e055-553330000001,15630,215,1375.6,1375.6,1305.1,2021/12/13 00:00:00+00
105,1370401,CASTLEISLAND LEA-4,KERRY,2ae19629-3f6c-13a3-e055-000000000001,17145,134,781.6,781.6,1305.1,2021/12/13 00:00:00+00
106,13160401,LAYTOWN  BETTYSTOWN-LEA-7,MEATH,2ae19629-3f19-13a3-e055-000000000001,34121,542,1588.5,1588.5,1305.1,2021/12/13 00:00:00+00
107,1340404,COBH LEA-6,CORK,2ae19629-3f67-13a3-e055-000000000001,34117,612,1793.8,1793.8,1305.1,2021/12/13 00:00:00+00
108,13220422,WATERFORD CITY EAST LEA-6,WATERFORD,2ae19629-3f35-13a3-e055-000000000001,22987,260,1131.1,1131.1,1305.1,2021/12/13 00:00:00+00
109,1360420,GALWAY CITY WEST LEA-6,GALWAY,2ae19629-3f4d-13a3-e055-000000000001,25371,319,1257.3,1257.3,1305.1,2021/12/13 00:00:00+00
110,1340408,MACROOM LEA-6,CORK,2ae19629-3ef4-13a3-e055-222220000001,36844,520,1411.4,1411.4,1305.1,2021/12/13 00:00:00+00
111,13220400,DUNGARVAN LEA-6,WATERFORD,2ae19629-3f31-13a3-e055-000000000001,20497,238,1161.1,1161.1,1305.1,2021/12/13 00:00:00+00
112,13250401,BRAY WEST LEA-4,WICKLOW,2ae19629-3f3e-13a3-e055-000000000001,18404,185,1005.2,1005.2,1305.1,2021/12/13 00:00:00+00
113,1320402,BALLYJAMESDUFF LEA-6,CAVAN,2ae19629-3f2b-13a3-e055-000000000001,25802,240,930.2,930.2,1305.1,2021/12/13 00:00:00+00
114,1340409,MALLOW LEA-5,CORK,2ae19629-3ef4-13a3-e055-444440000001,29157,348,1193.5,1193.5,1305.1,2021/12/13 00:00:00+00
115,1380407,NEWBRIDGE LEA-6,KILDARE,2ae19629-3ef4-13a3-e055-777770000001,35482,675,1902.4,1902.4,1305.1,2021/12/13 00:00:00+00
116,13160405,NAVAN LEA-7,MEATH,2ae19629-3f1d-13a3-e055-000000000001,34931,472,1351.2,1351.2,1305.1,2021/12/13 00:00:00+00
117,13190402,ATHLONE LEA-6,ROSCOMMON,2ae19629-3f26-13a3-e055-000000000001,19979,313,1566.6,1566.6,1305.1,2021/12/13 00:00:00+00
118,13130401,BALLYMAHON LEA-6,LONGFORD,2ae19629-3f0e-13a3-e055-000000000001,14153,191,1349.5,1349.5,1305.1,2021/12/13 00:00:00+00
119,1370405,TRALEE LEA-7,KERRY,2ae19629-3ef4-13a3-e055-000005600001,33038,598,1810,1810,1305.1,2021/12/13 00:00:00+00
120,1360421,GALWAY CITY CENTRAL LEA-6,GALWAY,2ae19629-3f69-13a3-e055-000000000001,26702,400,1498,1498,1305.1,2021/12/13 00:00:00+00
121,13260423,KIMMAGE-RATHMINES LEA-6,DUBLIN,2ae19629-3f59-13a3-e055-000000000001,55861,777,1391,1391,1305.1,2021/12/13 00:00:00+00
122,13120422,LIMERICK CITY EAST LEA-7,LIMERICK,2ae19629-3f0c-13a3-e055-000000000001,35342,437,1236.5,1236.5,1305.1,2021/12/13 00:00:00+00
123,13210406,THURLES LEA-5,TIPPERARY,2ae19629-3ef4-13a3-e055-000005500001,19382,211,1088.6,1088.6,1305.1,2021/12/13 00:00:00+00
124,13190401,ROSCOMMON LEA-6,ROSCOMMON,2ae19629-3f25-13a3-e055-000000000001,22734,211,928.1,928.1,1305.1,2021/12/13 00:00:00+00
125,1380404,KILDARE LEA-5,KILDARE,2ae19629-3f73-13a3-e055-000000000001,25702,433,1684.7,1684.7,1305.1,2021/12/13 00:00:00+00
126,1350402,CARNDONAGH LEA-4,DONEGAL,2ae19629-3f45-13a3-e055-000000000001,16964,181,1067,1067,1305.1,2021/12/13 00:00:00+00
127,1330401,KILLALOE LEA-5,CLARE,2ae19629-3f60-13a3-e055-000000000001,20108,205,1019.5,1019.5,1305.1,2021/12/13 00:00:00+00
128,1340405,BANDON - KINSALE LEA-6,CORK,2ae19629-3f68-13a3-e055-000000000001,37269,612,1642.1,1642.1,1305.1,2021/12/13 00:00:00+00
129,13190400,BOYLE LEA-6,ROSCOMMON,2ae19629-3f24-13a3-e055-000000000001,21831,233,1067.3,1067.3,1305.1,2021/12/13 00:00:00+00
130,13260427,CLONTARF LEA-6,DUBLIN,2ae19629-3f5d-13a3-e055-000000000001,54182,745,1375,1375,1305.1,2021/12/13 00:00:00+00
131,13220401,PORTLAW-KILMACTHOMAS LEA-5,WATERFORD,2ae19629-3f32-13a3-e055-000000000001,17120,366,2137.9,2137.9,1305.1,2021/12/13 00:00:00+00
132,13220402,LISMORE LEA-3,WATERFORD,2ae19629-3ef4-13a3-e055-000005300001,10724,159,1482.7,1482.7,1305.1,2021/12/13 00:00:00+00
133,1380403,ATHY LEA-5,KILDARE,2ae19629-3f72-13a3-e055-000000000001,26541,319,1201.9,1201.9,1305.1,2021/12/13 00:00:00+00
134,13110401,BALLINAMORE-LEA-6,LEITRIM,2ae19629-3f05-13a3-e055-000000000001,9862,118,1196.5,1196.5,1305.1,2021/12/13 00:00:00+00
135,13120420,LIMERICK CITY WEST LEA-7,LIMERICK,2ae19629-3f0a-13a3-e055-000000000001,34896,373,1068.9,1068.9,1305.1,2021/12/13 00:00:00+00
136,13240405,ENNISCORTHY LEA-6,WEXFORD,2ae19629-3ef4-13a3-e055-999550000001,27253,255,935.7,935.7,1305.1,2021/12/13 00:00:00+00
137,13150405,SWINFORD LEA-4,MAYO,2ae19629-3ef4-13a3-e055-999110000001,17286,140,809.9,809.9,1305.1,2021/12/13 00:00:00+00
138,1370404,CORCA DHUIBHNE LEA-3,KERRY,2ae19629-3ef4-13a3-e055-883360000001,14181,127,895.6,895.6,1305.1,2021/12/13 00:00:00+00
139,13150404,WESTPORT LEA-4,MAYO,2ae19629-3ef4-13a3-e055-111110000001,18378,184,1001.2,1001.2,1305.1,2021/12/13 00:00:00+00
140,13110402,CARRICK-ON-SHANNON LEA-6,LEITRIM,2ae19629-3f06-13a3-e055-000000000001,11361,146,1285.1,1285.1,1305.1,2021/12/13 00:00:00+00
141,13260408,KILLINEY-SHANKILL LEA-7,DUBLIN,2ae19629-3f40-13a3-e055-000000000001,38082,383,1005.7,1005.7,1305.1,2021/12/13 00:00:00+00
142,13260415,TALLAGHT SOUTH LEA-5,DUBLIN,2ae19629-3f54-13a3-e055-000000000001,35465,593,1672.1,1672.1,1305.1,2021/12/13 00:00:00+00
143,13210407,CAHIR LEA-4,TIPPERARY,2ae19629-3ef4-13a3-e055-000005400001,14717,257,1746.3,1746.3,1305.1,2021/12/13 00:00:00+00
144,13260407,GLENCULLEN-SANDYFORD LEA-7,DUBLIN,2ae19629-3f3f-13a3-e055-000000000001,36622,577,1575.6,1575.6,1305.1,2021/12/13 00:00:00+00
145,13260429,ARTANE-WHITEHALL LEA-6,DUBLIN,2ae19629-3ef4-13a3-e055-000005200001,51156,705,1378.1,1378.1,1305.1,2021/12/13 00:00:00+00
146,13170401,CARRICKMACROSS-CASTLEBLAYNEY LEA-6,MONAGHAN,2ae19629-3f1f-13a3-e055-000000000001,21436,252,1175.6,1175.6,1305.1,2021/12/13 00:00:00+00
147,13200401,SLIGO-DRUMCLIFF LEA-5,SLIGO,2ae19629-3f28-13a3-e055-000000000001,17675,191,1080.6,1080.6,1305.1,2021/12/13 00:00:00+00
148,13260401,SWORDS LEA-7,DUBLIN,2ae19629-3ef8-13a3-e055-000000000001,51370,836,1627.4,1627.4,1305.1,2021/12/13 00:00:00+00
149,1330402,SHANNON LEA-7,CLARE,2ae19629-3f61-13a3-e055-000000000001,30397,376,1237,1237,1305.1,2021/12/13 00:00:00+00
150,1340413,CORK CITY SOUTH CENTRAL LEA-6,CORK,2ae19629-3ef4-13a3-e055-000001100001,38667,388,1003.4,1003.4,1305.1,2021/12/13 00:00:00+00
151,13260418,ONGAR LEA-5,DUBLIN,2ae19629-3ef4-13a3-e055-000002200001,35834,601,1677.2,1677.2,1305.1,2021/12/13 00:00:00+00
152,1340406,BANTRY-WEST CORK LEA-4,CORK,2ae19629-3f41-13a3-e055-000000000001,22424,146,651.1,651.1,1305.1,2021/12/13 00:00:00+00
153,1330403,ENNIS LEA-7,CLARE,2ae19629-3f62-13a3-e055-000000000001,30910,425,1375,1375,1305.1,2021/12/13 00:00:00+00
154,13150402,CASTLEBAR LEA-7,MAYO,2ae19629-3f16-13a3-e055-000000000001,29992,334,1113.6,1113.6,1305.1,2021/12/13 00:00:00+00
155,13230403,MULLINGAR LEA-6,WESTMEATH,2ae19629-3ef4-13a3-e055-900000000111,25960,460,1772,1772,1305.1,2021/12/13 00:00:00+00
156,13120402,CAPPAMORE-KILMALLOCK LEA-7,LIMERICK,2ae19629-3f09-13a3-e055-000000000001,34821,336,964.9,964.9,1305.1,2021/12/13 00:00:00+00
157,13260410,BLACKROCK LEA-6,DUBLIN,2ae19629-3f4f-13a3-e055-000000000001,33727,296,877.6,877.6,1305.1,2021/12/13 00:00:00+00
158,1350400,GLENTIES LEA-6,DONEGAL,2ae19629-3f43-13a3-e055-000000000001,23919,179,748.4,748.4,1305.1,2021/12/13 00:00:00+00
159,1350403,BUNCRANA LEA-5,DONEGAL,2ae19629-3f46-13a3-e055-000000000001,22366,205,916.6,916.6,1305.1,2021/12/13 00:00:00+00
160,13260409,DÚN LAOGHAIRE LEA-7,DUBLIN,2ae19629-3f4e-13a3-e055-000000000001,41627,489,1174.7,1174.7,1305.1,2021/12/13 00:00:00+00
161,13200402,SLIGO-STRANDHILL LEA-6,SLIGO,2ae19629-3ef4-13a3-e055-007589300001,21129,259,1225.8,1225.8,1305.1,2021/12/13 00:00:00+00
162,1350405,LETTERKENNY LEA-7,DONEGAL,2ae19629-3ef4-13a3-e055-700012002301,29791,369,1238.6,1238.6,1305.1,2021/12/13 00:00:00+00
163,1380401,CELBRIDGE LEA-4,KILDARE,2ae19629-3f70-13a3-e055-000000000001,21626,366,1692.4,1692.4,1305.1,2021/12/13 00:00:00+00
164,1330400,ENNISTIMON LEA-4,CLARE,2ae19629-3f5f-13a3-e055-000000000001,16408,205,1249.4,1249.4,1305.1,2021/12/13 00:00:00+00
165,1370403,KENMARE LEA-6,KERRY,2ae19629-3f6e-13a3-e055-000000000001,25062,156,622.5,622.5,1305.1,2021/12/13 00:00:00+00
166,13160404,TRIM LEA-6,MEATH,2ae19629-3f1c-13a3-e055-000000000001,31195,417,1336.8,1336.8,1305.1,2021/12/13 00:00:00+00
